#DROP DATABASE autos_cp;
CREATE DATABASE autos_cp;
USE autos_cp;
CREATE TABLE usuarios(
id_usuario INT UNSIGNED AUTO_INCREMENT NOT NULL, 
nombre_usuario VARCHAR(255) NULL,
Usuario VARCHAR(20) NOT NULL,
PASSWORD VARCHAR(100) NULL,
fechaIngreso_usuario DATETIME DEFAULT CURRENT_TIMESTAMP,
fechaModificacion_usuario DATETIME ON UPDATE CURRENT_TIMESTAMP,
estado VARCHAR(10) NOT NULL,
PRIMARY KEY(id_usuario)
);

INSERT INTO usuarios(id_usuario, nombre_usuario, Usuario, PASSWORD, estado)
VALUES
(0, 'Administrador', 'admin', 'admin', 'ACTIVO');

SELECT * FROM usuarios;

CREATE TABLE departamentos(
id_departamento INT UNSIGNED NOT NULL AUTO_INCREMENT,
nombre_departamento VARCHAR(100) NOT NULL,
codigo VARCHAR(2) NOT NULL,	
PRIMARY KEY(id_departamento)
);

INSERT INTO  departamentos(id_departamento, nombre_departamento, codigo) VALUES
(1, 'AHUACHAPAN', 'AH'),
(2, 'SANTA ANA', 'SA'),
(3, 'SONSONATE', 'SO'),
(4, 'CHALATENANGO', 'CH'),
(5, 'LA LIBERTAD', 'LL'),
(6, 'SAN SALVADOR', 'SS'),
(7, 'CUSCATLAN', 'CU'),
(8, 'LA PAZ', 'LP'),
(9, 'CABANAS', 'CA'),
(10, 'SAN VICENTE', 'SV'),
(11, 'USULUTAN', 'US'),
(12, 'SAN MIGUEL', 'SM'),
(13, 'MORAZAN', 'MO'),
(14, 'LA UNION', 'LU');

CREATE TABLE municipios(
id_municipio INT UNSIGNED NOT NULL,
id_departamento INT UNSIGNED NOT NULL,
nombre_municipio VARCHAR(125) NOT NULL,
codigo VARCHAR(5) NOT NULL,
PRIMARY KEY(id_municipio),
CONSTRAINT FK_MUN_DEP FOREIGN KEY(id_departamento) REFERENCES departamentos(id_departamento) ON UPDATE CASCADE
);

INSERT INTO municipios (id_municipio, id_departamento, nombre_municipio, codigo) VALUES
(1, 1, 'AHUACHAPAN', '0101'),
(2, 1, 'APANECA', '0102'),
(3, 1, 'ATIQUIZAYA', '0103'),
(4, 1, 'CONCEPCION DE ATACO', '0104'),
(5, 1, 'EL REFUGIO', '0105'),
(6, 1, 'GUAYMANGO', '0106'),
(7, 1, 'JUJUTLA', '0107'),
(8, 1, 'SAN FRANCISCO MENENDEZ', '0108'),
(9, 1, 'SAN LORENZO', '0109'),
(10, 1, 'SAN PEDRO PUXTLA', '0110'),
(11, 1, 'TACUBA', '0111'),
(12, 1, 'TURIN', '0112'),
(13, 2, 'SANTA ANA', '0201'),
(14, 2, 'CANDELARIA DE LA FRONTERA', '0202'),
(15, 2, 'COATEPEQUE', '0203'),
(16, 2, 'CHALCHUAPA', '0204'),
(17, 2, 'EL CONGO', '0205'),
(18, 2, 'EL PORVENIR', '0206'),
(19, 2, 'MASAHUAT', '0207'),
(20, 2, 'METAPAN', '0208'),
(21, 2, 'SAN ANTONIO PAJONAL', '0209'),
(22, 2, 'SAN SEBASTIAN SALITRILLO', '0210'),
(23, 2, 'SANTA ROSA GUACHIPILIN', '0211'),
(24, 2, 'SANTIAGO DE LA FRONTERA', '0212'),
(25, 2, 'TEXISTEPEQUE', '0213'),
(26, 3, 'SONSONATE', '0301'),
(27, 3, 'ACAJUTLA', '0302'),
(28, 3, 'ARMENIA', '0303'),
(29, 3, 'CALUCO', '0304'),
(30, 3, 'CUISNAHUAT', '0305'),
(31, 3, 'IZALCO', '0306'),
(32, 3, 'JUAYUA', '0307'),
(33, 3, 'NAHUIZALCO', '0308'),
(34, 3, 'NAHUILINGO', '0309'),
(35, 3, 'SALCOATITAN', '0310'),
(36, 3, 'SAN ANTONIO DEL MONTE', '0311'),
(37, 3, 'SAN JULIAN', '0312'),
(38, 3, 'SANTA CATARINA MASAHUAT', '0313'),
(39, 3, 'SANTA ISABEL ISHUATAN', '0314'),
(40, 3, 'SANTO DOMINGO DE GUZMAN', '0315'),
(41, 3, 'SONZACATE', '0316'),
(42, 4, 'CHALATENANGO', '0401'),
(43, 4, 'AGUA CALIENTE', '0402'),
(44, 4, 'ARCATAO', '0403'),
(45, 4, 'AZACUALPA', '0404'),
(46, 4, 'SAN JOSE CANCASQUE', '0405'),
(47, 4, 'CITALA', '0406'),
(48, 4, 'COMALAPA', '0407'),
(49, 4, 'CONCEPCION QUEZALTEPEQUE', '0408'),
(50, 4, 'DULCE NOMBRE DE MARIA', '0409'),
(51, 4, 'EL CARRIZAL', '0410'),
(52, 4, 'EL PARAISO', '0411'),
(53, 4, 'LA LAGUNA', '0412'),
(54, 4, 'LA PALMA', '0413'),
(55, 4, 'LA REINA', '0414'),
(56, 4, 'LAS FLORES', '0415'),
(57, 4, 'LAS VUELTAS', '0416'),
(58, 4, 'NOMBRE DE JESUS', '0417'),
(59, 4, 'NUEVA CONCEPCION', '0418'),
(60, 4, 'NUEVA TRINIDAD', '0419'),
(61, 4, 'OJOS DE AGUA', '0420'),
(62, 4, 'POTONICO', '0421'),
(63, 4, 'SAN ANTONIO DE LA CRUZ', '0422'),
(64, 4, 'SAN ANTONIO LOS RANCHOS', '0423'),
(65, 4, 'SAN FERNANDO', '0424'),
(66, 4, 'SAN FRANCISCO LEMPA', '0425'),
(67, 4, 'SAN FRANCISCO MORAZAN', '0426'),
(68, 4, 'SAN IGNACIO', '0427'),
(69, 4, 'SAN ISIDRO LABRADOR', '0428'),
(70, 4, 'SAN LUIS DEL CARMEN', '0429'),
(71, 4, 'SAN MIGUEL DE MERCEDES', '0430'),
(72, 4, 'SAN RAFAEL', '0431'),
(73, 4, 'SANTA RITA', '0432'),
(74, 4, 'TEJUTLA', '0433'),
(75, 5, 'SANTA TECLA', '0501'),
(76, 5, 'ANTIGUO CUSCATLAN', '0502'),
(77, 5, 'CIUDAD ARCE', '0503'),
(78, 5, 'COLON', '0504'),
(79, 5, 'COMASAGUA', '0505'),
(80, 5, 'CHILTIUPAN', '0506'),
(81, 5, 'HUIZUCAR', '0507'),
(82, 5, 'JAYAQUE', '0508'),
(83, 5, 'JICALAPA', '0509'),
(84, 5, 'LA LIBERTAD', '0510'),
(85, 5, 'NUEVO CUSCATLAN', '0511'),
(86, 5, 'SAN JUAN OPICO', '0512'),
(87, 5, 'QUEZALTEPEQUE', '0513'),
(88, 5, 'SACACOYO', '0514'),
(89, 5, 'SAN JOSE VILLANUEVA', '0515'),
(90, 5, 'SAN MATIAS', '0516'),
(91, 5, 'SAN PABLO TACACHICO', '0517'),
(92, 5, 'TALNIQUE', '0518'),
(93, 5, 'TAMANIQUE', '0519'),
(94, 5, 'TEOTEPEQUE', '0520'),
(95, 5, 'TEPECOYO', '0521'),
(96, 5, 'ZARAGOZA', '0522'),
(97, 6, 'SAN SALVADOR', '0601'),
(98, 6, 'AGUILARES', '0602'),
(99, 6, 'APOPA', '0603'),
(100, 6, 'AYUTUXTEPEQUE', '0604'),
(101, 6, 'CUSCATANCINGO', '0605'),
(102, 6, 'DELGADO', '0606'),
(103, 6, 'EL PAISNAL', '0607'),
(104, 6, 'GUAZAPA', '0608'),
(105, 6, 'ILOPANGO', '0609'),
(106, 6, 'MEJICANOS', '0610'),
(107, 6, 'NEJAPA', '0611'),
(108, 6, 'PANCHIMALCO', '0612'),
(109, 6, 'ROSARIO DE MORA', '0613'),
(110, 6, 'SAN MARCOS', '0614'),
(111, 6, 'SAN MARTIN', '0615'),
(112, 6, 'SANTIAGO TEXACUANGOS', '0616'),
(113, 6, 'SANTO TOMAS', '0617'),
(114, 6, 'SOYAPANGO', '0618'),
(115, 6, 'TONACATEPEQUE', '0619'),
(116, 7, 'COJUTEPEQUE', '0701'),
(117, 7, 'CANDELARIA', '0702'),
(118, 7, 'EL CARMEN', '0703'),
(119, 7, 'EL ROSARIO', '0704'),
(120, 7, 'MONTE SAN JUAN', '0705'),
(121, 7, 'ORATORIO DE CONCEPCION', '0706'),
(122, 7, 'SAN BARTOLOME PERULAPIA', '0707'),
(123, 7, 'SAN CRISTOBAL', '0708'),
(124, 7, 'SAN JOSE GUAYABAL', '0709'),
(125, 7, 'SAN PEDRO PERULAPAN', '0710'),
(126, 7, 'SAN RAFAEL CEDROS', '0711'),
(127, 7, 'SAN RAMON', '0712'),
(128, 7, 'SANTA CRUZ ANALQUITO', '0713'),
(129, 7, 'SANTA CRUZ MICHAPA', '0714'),
(130, 7, 'SUCHITOTO', '0715'),
(131, 7, 'TENANCINGO', '0716'),
(132, 8, 'ZACATECOLUCA', '0801'),
(133, 8, 'CUYULTITAN', '0802'),
(134, 8, 'EL ROSARIO', '0803'),
(135, 8, 'JERUSALEN', '0804'),
(136, 8, 'MERCEDES DE LA CEIBA', '0805'),
(137, 8, 'OLOCUILTA', '0806'),
(138, 8, 'PARAISO DE OSORIO', '0807'),
(139, 8, 'SAN ANTONIO MASAHUAT', '0808'),
(140, 8, 'SAN EMIGDIO', '0809'),
(141, 8, 'SAN FRANCISCO CHINAMECA', '0810'),
(142, 8, 'SAN JUAN NONUALCO', '0811'),
(143, 8, 'SAN JUAN TALPA', '0812'),
(144, 8, 'SAN JUAN TEPEZONTES', '0813'),
(145, 8, 'SAN LUIS TALPA', '0814'),
(146, 8, 'SAN LUIS LA HERRADURA', '0815'),
(147, 8, 'SAN MIGUEL TEPEZONTES', '0816'),
(148, 8, 'SAN PEDRO MASAHUAT', '0817'),
(149, 8, 'SAN PEDRO NONUALCO', '0818'),
(150, 8, 'SAN RAFAEL OBRAJUELO', '0819'),
(151, 8, 'SANTA MARIA OSTUMA', '0820'),
(152, 8, 'SANTIAGO NONUALCO', '0821'),
(153, 8, 'TAPALHUACA', '0822'),
(154, 9, 'SENSUNTEPEQUE', '0901'),
(155, 9, 'CINQUERA', '0902'),
(156, 9, 'DOLORES', '0903'),
(157, 9, 'GUACOTECTI', '0904'),
(158, 9, 'ILOBASCO', '0905'),
(159, 9, 'JUTIAPA', '0906'),
(160, 9, 'SAN ISIDRO', '0907'),
(161, 9, 'TEJUTEPEQUE', '0908'),
(162, 9, 'VICTORIA', '0909'),
(163, 10, 'SAN VICENTE', '1001'),
(164, 10, 'APASTEPEQUE', '1002'),
(165, 10, 'GUADALUPE', '1003'),
(166, 10, 'SAN CAYETANO ISTEPEQUE', '1004'),
(167, 10, 'SAN ESTEBAN CATARINA', '1005'),
(168, 10, 'SAN ILDEFONSO', '1006'),
(169, 10, 'SAN LORENZO', '1007'),
(170, 10, 'SAN SEBASTIAN', '1008'),
(171, 10, 'SANTA CLARA', '1009'),
(172, 10, 'SANTO DOMINGO', '1010'),
(173, 10, 'TECOLUCA', '1011'),
(174, 10, 'TEPETITAN', '1012'),
(175, 10, 'VERAPAZ', '1013'),
(176, 11, 'USULUTAN', '1101'),
(177, 11, 'ALEGRIA', '1102'),
(178, 11, 'BERLIN', '1103'),
(179, 11, 'CALIFORNIA', '1104'),
(180, 11, 'CONCEPCION BATRES', '1105'),
(181, 11, 'EL TRIUNFO', '1106'),
(182, 11, 'EREGUAYQUIN', '1107'),
(183, 11, 'ESTANZUELAS', '1108'),
(184, 11, 'JIQUILISCO', '1109'),
(185, 11, 'JUCUAPA', '1110'),
(186, 11, 'JUCUARAN', '1111'),
(187, 11, 'MERCEDES UMANA', '1112'),
(188, 11, 'NUEVA GRANADA', '1113'),
(189, 11, 'OZATLAN', '1114'),
(190, 11, 'PUERTO EL TRIUNFO', '1115'),
(191, 11, 'SAN AGUSTIN', '1116'),
(192, 11, 'SAN BUENAVENTURA', '1117'),
(193, 11, 'SAN DIONISIO', '1118'),
(194, 11, 'SAN FRANCISCO JAVIER', '1119'),
(195, 11, 'SANTA ELENA', '1120'),
(196, 11, 'SANTA MARIA', '1121'),
(197, 11, 'SANTIAGO DE MARIA', '1122'),
(198, 11, 'TECAPAN', '1123'),
(199, 12, 'SAN MIGUEL', '1201'),
(200, 12, 'CAROLINA', '1202'),
(201, 12, 'CIUDAD BARRIOS', '1203'),
(202, 12, 'COMACARAN', '1204'),
(203, 12, 'CHAPELTIQUE', '1205'),
(204, 12, 'CHINAMECA', '1206'),
(205, 12, 'CHIRILAGUA', '1207'),
(206, 12, 'EL TRANSITO', '1208'),
(207, 12, 'LOLOTIQUE', '1209'),
(208, 12, 'MONCAGUA', '1210'),
(209, 12, 'NUEVA GUADALUPE', '1211'),
(210, 12, 'NUEVO EDEN DE SAN JUAN', '1212'),
(211, 12, 'QUELEPA', '1213'),
(212, 12, 'SAN ANTONIO', '1214'),
(213, 12, 'SAN GERARDO', '1215'),
(214, 12, 'SAN JORGE', '1216'),
(215, 12, 'SAN LUIS DE LA REINA', '1217'),
(216, 12, 'SAN RAFAEL ORIENTE', '1218'),
(217, 12, 'SESORI', '1219'),
(218, 12, 'ULUAZAPA', '1220'),
(219, 13, 'SAN FRANCISCO GOTERA', '1301'),
(220, 13, 'ARAMBALA', '1302'),
(221, 13, 'CACAOPERA', '1303'),
(222, 13, 'CORINTO', '1304'),
(223, 13, 'CHILANGA', '1305'),
(224, 13, 'DELICIAS DE CONCEPCION', '1306'),
(225, 13, 'EL DIVISADERO', '1307'),
(226, 13, 'EL ROSARIO', '1308'),
(227, 13, 'GUALOCOCTI', '1309'),
(228, 13, 'GUATAJIAGUA', '1310'),
(229, 13, 'JOATECA', '1311'),
(230, 13, 'JOCOAITIQUE', '1312'),
(231, 13, 'JOCORO', '1313'),
(232, 13, 'LOLOTIQUILLO', '1314'),
(233, 13, 'MEANGUERA', '1315'),
(234, 13, 'OSICALA', '1316'),
(235, 13, 'PERQUIN', '1317'),
(236, 13, 'SAN CARLOS', '1318'),
(237, 13, 'SAN FERNANDO', '1319'),
(238, 13, 'SAN ISIDRO', '1320'),
(239, 13, 'SAN SIMON', '1321'),
(240, 13, 'SENSEMBRA', '1322'),
(241, 13, 'SOCIEDAD', '1323'),
(242, 13, 'TOROLA', '1324'),
(243, 13, 'YAMABAL', '1325'),
(244, 13, 'YOLOAIQUIN', '1326'),
(245, 14, 'LA UNION', '1401'),
(246, 14, 'ANAMOROS', '1402'),
(247, 14, 'BOLIVAR', '1403'),
(248, 14, 'CONCEPCION ORIENTE', '1404'),
(249, 14, 'CONCHAGUA', '1405'),
(250, 14, 'EL CARMEN', '1406'),
(251, 14, 'EL SAUCE', '1407'),
(252, 14, 'INTIPUCA', '1408'),
(253, 14, 'LISLIQUE', '1409'),
(254, 14, 'MEANGUERA DEL GOLFO', '1410'),
(255, 14, 'NUEVA ESPARTA', '1411'),
(256, 14, 'PASAQUINA', '1412'),
(257, 14, 'POLOROS', '1413'),
(258, 14, 'SAN ALEJO', '1414'),
(259, 14, 'SAN JOSE', '1415'),
(260, 14, 'SANTA ROSA DE LIMA', '1416'),
(261, 14, 'YAYANTIQUE', '1417'),
(262, 14, 'YUCUAIQUIN', '1418');

SELECT nombre_municipio FROM municipios WHERE id_departamento=5;

CREATE TABLE clientes(
id_cliente INT UNSIGNED NOT NULL AUTO_INCREMENT,
nombre_cliente VARCHAR(50) NOT NULL,
apellidos_cliente VARCHAR(50) NOT NULL,
direccion_cliente VARCHAR(200) NOT NULL,
id_departamento INT UNSIGNED NOT NULL,
id_municipio INT UNSIGNED NOT NULL,
telefono_cliente VARCHAR(10) NOT NULL,
correo_cliente VARCHAR(30) NOT NULL,
nombre_factura VARCHAR(50) NOT NULL,
nit_cliente VARCHAR(20) NOT NULL,
nrc_cliente VARCHAR(20) NOT NULL,
giro_nrc VARCHAR(20) NOT NULL,
fechaIngreso_cliente DATETIME DEFAULT CURRENT_TIMESTAMP,
fechaModificacion_cliente DATETIME ON UPDATE CURRENT_TIMESTAMP,
estado VARCHAR(10) NOT NULL,
PRIMARY KEY(id_cliente),
CONSTRAINT FK_DEP_CLI FOREIGN KEY(id_departamento) REFERENCES departamentos(id_departamento) ON UPDATE CASCADE,
CONSTRAINT FK_MUN_CLI FOREIGN KEY(id_municipio) REFERENCES municipios(id_municipio) ON UPDATE CASCADE
);

CREATE TABLE proveedores(
id_proveedor INT UNSIGNED NOT NULL AUTO_INCREMENT,
nombre_comercial_proveedor VARCHAR(50) NOT NULL,
nombre_propietario_proveedor VARCHAR(50) NOT NULL,
giro_proveedor VARCHAR(25) NOT NULL,
DUI_proveedor VARCHAR(20) UNIQUE NOT NULL,
NIT_proveedor VARCHAR(20) UNIQUE NOT NULL,
direccion_proveedor VARCHAR(100) NOT NULL,
telefono1_proveedor VARCHAR(15) NOT NULL,
telefono2_proveedor VARCHAR(15) NOT NULL,
fechaIngreso_proveedor DATETIME DEFAULT CURRENT_TIMESTAMP,
fechaModificacion_proveedor DATETIME ON UPDATE CURRENT_TIMESTAMP,
telefono3_proveedor VARCHAR(15) NOT NULL,
estado VARCHAR(10) NOT NULL,
PRIMARY KEY (id_proveedor)
);

CREATE TABLE categoria_art(
id_categoria_art INT UNSIGNED NOT NULL AUTO_INCREMENT,
nombre_categoria_art VARCHAR(50) UNIQUE NOT NULL,
descripcion_categoria_art VARCHAR(200) NOT NULL,
fechaIngreso_categoria_art DATETIME DEFAULT CURRENT_TIMESTAMP,
fechaModificacion_categoria_art DATETIME DEFAULT CURRENT_TIMESTAMP,
estado VARCHAR(10) NOT NULL,
PRIMARY KEY(id_categoria_art)
);

CREATE TABLE marca_art(
id_marca_art INT UNSIGNED NOT NULL AUTO_INCREMENT,
nombreMarca VARCHAR(100) UNIQUE NOT NULL,
fechaIngreso_marca_art DATETIME DEFAULT CURRENT_TIMESTAMP,
fechaModificacion_marca_art DATETIME ON UPDATE CURRENT_TIMESTAMP,
estado VARCHAR(10) NOT NULL,
PRIMARY KEY(id_marca_art)
);

CREATE TABLE articulos(
id_articulo INT UNSIGNED NOT NULL AUTO_INCREMENT,
nombre_articulo VARCHAR(100) NOT NULL,
id_categoria_art INT UNSIGNED NOT NULL,
id_proveedor INT UNSIGNED NOT NULL,
id_marca_art INT UNSIGNED NOT NULL,
descripcion TEXT NULL,
fechaIngreso_articulo DATETIME DEFAULT CURRENT_TIMESTAMP,
fechaModificacion_articulo DATETIME DEFAULT CURRENT_TIMESTAMP,
estado VARCHAR(10) NOT NULL,
PRIMARY KEY(id_articulo),
CONSTRAINT FK_ART_CAT FOREIGN KEY(id_categoria_art) REFERENCES categoria_art(id_categoria_art) ON UPDATE CASCADE,
CONSTRAINT FK_ART_PRO FOREIGN KEY(id_proveedor) REFERENCES proveedores(id_proveedor) ON UPDATE CASCADE,
CONSTRAINT FK_ART_MAR FOREIGN KEY(id_marca_art) REFERENCES marca_art(id_marca_art) ON UPDATE CASCADE
);

CREATE TABLE categorias_serv(
id_categoria INT UNSIGNED NOT NULL AUTO_INCREMENT,
nombre_categoria VARCHAR(100) NOT NULL,
descripcion TEXT NULL,
estado VARCHAR(10) NOT NULL,
PRIMARY KEY(id_categoria)
);

CREATE TABLE servicios(
id_servicio INT UNSIGNED NOT NULL AUTO_INCREMENT,
nombre_servicio VARCHAR(200) NOT NULL,
detalles TEXT NULL,
fechaIngreso_servicio DATETIME DEFAULT CURRENT_TIMESTAMP,
fechaModificacion_servicio DATETIME ON UPDATE CURRENT_TIMESTAMP,
estado VARCHAR(10) NOT NULL,
id_categoria INT UNSIGNED NOT NULL,
PRIMARY KEY(id_servicio),
CONSTRAINT FK_SERV_CAT FOREIGN KEY(id_categoria) REFERENCES categorias_serv(id_categoria) ON UPDATE CASCADE
);


CREATE TABLE marca_aut(
id_marca INT UNSIGNED NOT NULL AUTO_INCREMENT,
nombre_marca VARCHAR(100) NOT NULL,
fecIngreso_marca_aut DATETIME DEFAULT CURRENT_TIMESTAMP,
fechModificacion_marca_aut DATETIME ON UPDATE CURRENT_TIMESTAMP,
estado VARCHAR(10) NOT NULL,
PRIMARY KEY(id_marca)
);

INSERT INTO marca_aut(id_marca, nombre_marca, estado) VALUES
(1, 'Acura', 'ACTIVO'),
(2, 'Alfa Romeo', 'ACTIVO'),
(3, 'Aptera', 'ACTIVO'),
(4, 'Aston Martin', 'ACTIVO'),
(5, 'Audi', 'ACTIVO'),
(6, 'Austin', 'ACTIVO'),
(7, 'Bentley', 'ACTIVO'),
(8, 'BMW', 'ACTIVO'),
(9, 'Bugatti', 'ACTIVO'),
(10, 'Buick', 'ACTIVO'),
(11, 'Cadillac', 'ACTIVO'),
(12, 'Chevrolet', 'ACTIVO'),
(13, 'Chrysler', 'ACTIVO'),
(14, 'Citroen', 'ACTIVO'),
(15, 'Corbin', 'ACTIVO'),
(16, 'Daewoo', 'ACTIVO'),
(17, 'Daihatsu', 'ACTIVO'),
(18, 'Dodge', 'ACTIVO'),
(19, 'Eagle', 'ACTIVO'),
(20, 'Fairthorpe', 'ACTIVO'),
(21, 'Ferrari', 'ACTIVO'),
(22, 'FIAT', 'ACTIVO'),
(23, 'Fillmore', 'ACTIVO'),
(24, 'Foose', 'ACTIVO'),
(25, 'Ford', 'ACTIVO'),
(26, 'Geo', 'ACTIVO'),
(27, 'GMC', 'ACTIVO'),
(28, 'Hillman', 'ACTIVO'),
(29, 'Holden', 'ACTIVO'),
(30, 'Honda', 'ACTIVO'),
(31, 'HUMMER', 'ACTIVO'),
(32, 'Hyundai', 'ACTIVO'),
(33, 'Infiniti', 'ACTIVO'),
(34, 'Isuzu', 'ACTIVO'),
(35, 'Jaguar', 'ACTIVO'),
(36, 'Jeep', 'ACTIVO'),
(37, 'Jensen', 'ACTIVO'),
(38, 'Kia', 'ACTIVO'),
(39, 'Lamborghini', 'ACTIVO'),
(40, 'Land Rover', 'ACTIVO'),
(41, 'Lexus', 'ACTIVO'),
(42, 'Lincoln', 'ACTIVO'),
(43, 'Lotus', 'ACTIVO'),
(44, 'Maserati', 'ACTIVO'),
(45, 'Maybach', 'ACTIVO'),
(46, 'Mazda', 'ACTIVO'),
(47, 'McLaren', 'ACTIVO'),
(48, 'Mercedes-Benz', 'ACTIVO'),
(49, 'Mercury', 'ACTIVO'),
(50, 'Merkur', 'ACTIVO'),
(51, 'MG', 'ACTIVO'),
(52, 'MINI', 'ACTIVO'),
(53, 'Mitsubishi', 'ACTIVO'),
(54, 'Morgan', 'ACTIVO'),
(55, 'Nissan', 'ACTIVO'),
(56, 'Oldsmobile', 'ACTIVO'),
(57, 'Panoz', 'ACTIVO'),
(58, 'Peugeot', 'ACTIVO'),
(59, 'Plymouth', 'ACTIVO'),
(60, 'Pontiac', 'ACTIVO'),
(61, 'Porsche', 'ACTIVO'),
(62, 'Ram', 'ACTIVO'),
(63, 'Rambler', 'ACTIVO'),
(64, 'Renault', 'ACTIVO'),
(65, 'Rolls-Royce', 'ACTIVO'),
(66, 'Saab', 'ACTIVO'),
(67, 'Saturn', 'ACTIVO'),
(68, 'Scion', 'ACTIVO'),
(69, 'Shelby', 'ACTIVO'),
(70, 'Smart', 'ACTIVO'),
(71, 'Spyker', 'ACTIVO'),
(72, 'Spyker Cars', 'ACTIVO'),
(73, 'Studebaker', 'ACTIVO'),
(74, 'Subaru', 'ACTIVO'),
(75, 'Suzuki', 'ACTIVO'),
(76, 'Tesla', 'ACTIVO'),
(77, 'Toyota', 'ACTIVO'),
(78, 'Volkswagen', 'ACTIVO'),
(79, 'Volvo', 'ACTIVO'),
(80, 'SEAT', 'ACTIVO'),
(81, 'SSANGYONG', 'ACTIVO'),
(82, 'GOLF', 'ACTIVO'),
(83, 'FREIGHTLINER', 'ACTIVO'),
(84, 'CMC', 'ACTIVO'),
(85, 'LADA', 'ACTIVO');

CREATE TABLE modelo_aut(
id_modelo INT UNSIGNED NOT NULL AUTO_INCREMENT,
id_marca INT UNSIGNED NOT NULL,
nombre_modelo VARCHAR(100) NOT NULL,
fecIngreso_modelo_aut DATETIME DEFAULT CURRENT_TIMESTAMP,
fechModificacion_modelo_aut DATETIME ON UPDATE CURRENT_TIMESTAMP,
estado VARCHAR(10) NOT NULL,
PRIMARY KEY(id_modelo),
CONSTRAINT FK_MAR_MOD FOREIGN KEY (id_marca) REFERENCES marca_aut(id_marca) ON UPDATE CASCADE
);

INSERT INTO modelo_aut (id_modelo, id_marca, nombre_modelo, estado) VALUES
(1, 1, 'Legend ', 'ACTIVO'),
(2, 1, 'Integra ', 'ACTIVO'),
(3, 1, 'NSX ', 'ACTIVO'),
(4, 1, 'Vigor ', 'ACTIVO'),
(5, 1, 'TL ', 'ACTIVO'),
(6, 1, 'RL ', 'ACTIVO'),
(7, 1, 'SLX ', 'ACTIVO'),
(8, 1, 'CL ', 'ACTIVO'),
(9, 1, 'MDX ', 'ACTIVO'),
(10, 1, 'RSX ', 'ACTIVO'),
(11, 1, 'TSX ', 'ACTIVO'),
(12, 1, 'RDX ', 'ACTIVO'),
(13, 1, 'ZDX ', 'ACTIVO'),
(14, 2, '164', 'ACTIVO'),
(15, 2, 'Spider ', 'ACTIVO'),
(16, 2, '164', 'ACTIVO'),
(17, 3, 'Typ-1', 'ACTIVO'),
(18, 3, '2e ', 'ACTIVO'),
(19, 3, 'Type-1h ', 'ACTIVO'),
(20, 4, 'DB9 ', 'ACTIVO'),
(21, 4, 'Vanquish S ', 'ACTIVO'),
(22, 4, 'DB9 Volante ', 'ACTIVO'),
(23, 4, 'V8 Vantage ', 'ACTIVO'),
(24, 4, 'Vantage ', 'ACTIVO'),
(25, 4, 'DBS ', 'ACTIVO'),
(26, 4, 'Rapide ', 'ACTIVO'),
(27, 4, 'V12 Vantage ', 'ACTIVO'),
(28, 4, 'V8 Vantage S ', 'ACTIVO'),
(29, 4, 'Virage ', 'ACTIVO'),
(30, 5, '5000S ', 'ACTIVO'),
(31, 5, '4000s ', 'ACTIVO'),
(32, 5, '5000S ', 'ACTIVO'),
(33, 5, 'Coupe GT ', 'ACTIVO'),
(34, 5, 'Quattro ', 'ACTIVO'),
(35, 5, '4000CS Quattro ', 'ACTIVO'),
(36, 5, '4000s Quattro ', 'ACTIVO'),
(37, 5, '5000CS Quattro ', 'ACTIVO'),
(38, 5, '4000', 'ACTIVO'),
(39, 5, '5000CS ', 'ACTIVO'),
(40, 5, '80/90 ', 'ACTIVO'),
(41, 5, '90', 'ACTIVO'),
(42, 5, '100', 'ACTIVO'),
(43, 5, '200', 'ACTIVO'),
(44, 5, '80', 'ACTIVO'),
(45, 5, '90', 'ACTIVO'),
(46, 5, 'Coupe Quattro ', 'ACTIVO'),
(47, 5, 'V8 ', 'ACTIVO'),
(48, 5, '80', 'ACTIVO'),
(49, 5, 'S4 ', 'ACTIVO'),
(50, 5, '90', 'ACTIVO'),
(51, 5, '90', 'ACTIVO'),
(52, 5, 'A6 ', 'ACTIVO'),
(53, 5, 'S6 ', 'ACTIVO'),
(54, 5, 'A4 ', 'ACTIVO'),
(55, 5, 'A8 ', 'ACTIVO'),
(56, 5, 'TT ', 'ACTIVO'),
(57, 5, 'Allroad ', 'ACTIVO'),
(58, 5, 'S8 ', 'ACTIVO'),
(59, 5, 'RS 6 ', 'ACTIVO'),
(60, 5, 'RS6 ', 'ACTIVO'),
(61, 5, 'A3 ', 'ACTIVO'),
(62, 5, 'Q7 ', 'ACTIVO'),
(63, 5, 'RS 4 ', 'ACTIVO'),
(64, 5, 'RS4 ', 'ACTIVO'),
(65, 5, 'A5 ', 'ACTIVO'),
(66, 5, 'R8 ', 'ACTIVO'),
(67, 5, 'S5 ', 'ACTIVO'),
(68, 5, 'Q5 ', 'ACTIVO'),
(69, 5, 'A7 ', 'ACTIVO'),
(70, 6, 'Mini ', 'ACTIVO'),
(71, 6, 'Mini Cooper ', 'ACTIVO'),
(72, 6, 'Mini Cooper S ', 'ACTIVO'),
(73, 7, 'Arnage ', 'ACTIVO'),
(74, 7, 'Azure ', 'ACTIVO'),
(75, 7, 'Continental Flying Spur ', 'ACTIVO'),
(76, 7, 'Continental GT ', 'ACTIVO'),
(77, 7, 'Continental GTC ', 'ACTIVO'),
(78, 7, 'Brooklands ', 'ACTIVO'),
(79, 7, 'Azure T ', 'ACTIVO'),
(80, 7, 'Continental Super ', 'ACTIVO'),
(81, 7, 'Mulsanne ', 'ACTIVO'),
(82, 8, '600', 'ACTIVO'),
(83, 8, '6 Series ', 'ACTIVO'),
(84, 8, '3 Series ', 'ACTIVO'),
(85, 8, '5 Series ', 'ACTIVO'),
(86, 8, '7 Series ', 'ACTIVO'),
(87, 8, '8 Series ', 'ACTIVO'),
(88, 8, 'M5 ', 'ACTIVO'),
(89, 8, '7 Series ', 'ACTIVO'),
(90, 8, 'M3 ', 'ACTIVO'),
(91, 8, 'Z3 ', 'ACTIVO'),
(92, 8, '8 Series ', 'ACTIVO'),
(93, 8, '5 Series ', 'ACTIVO'),
(94, 8, '7 Series ', 'ACTIVO'),
(95, 8, 'X5 ', 'ACTIVO'),
(96, 8, 'Z8 ', 'ACTIVO'),
(97, 8, '525', 'ACTIVO'),
(98, 8, '530', 'ACTIVO'),
(99, 8, '525', 'ACTIVO'),
(100, 8, '530', 'ACTIVO');

CREATE TABLE vehiculos(
id_vehiculo INT UNSIGNED NOT NULL AUTO_INCREMENT,
id_cliente INT UNSIGNED NOT NULL,
id_marca INT UNSIGNED NOT NULL,
id_modelo INT UNSIGNED NOT NULL,
placa VARCHAR(50) NOT NULL,
tipo_vehiculo VARCHAR(10) NOT NULL,
color_vehiculo VARCHAR(10) NOT NULL,
anio_vehiculo VARCHAR(10) NOT NULL,
vin_vehiculo VARCHAR(20) NOT NULL,
numero_motor_vehiculo VARCHAR(20) NOT NULL,
observaciones_vehiculo VARCHAR(200) NOT NULL,
fechaIngreso_vehiculo DATETIME DEFAULT CURRENT_TIMESTAMP,
fechaModificacion_vehiculo DATETIME ON UPDATE CURRENT_TIMESTAMP,
estado VARCHAR(10) NOT NULL,
PRIMARY KEY(id_vehiculo),
CONSTRAINT FK_MARC_ID FOREIGN KEY(id_marca) REFERENCES marca_aut(id_marca) ON UPDATE CASCADE,
CONSTRAINT FK_MOD_ID FOREIGN KEY(id_modelo) REFERENCES modelo_aut(id_modelo) ON UPDATE CASCADE,
CONSTRAINT FK_CLI_ID FOREIGN KEY(id_cliente) REFERENCES clientes(id_cliente) ON UPDATE CASCADE
);


CREATE TABLE estado_del_vehiculo(
id_estado_del_vehiculo INT UNSIGNED NOT NULL AUTO_INCREMENT,
ingresado VARCHAR(10) NOT NULL,
id_vehiculo INT UNSIGNED NOT NULL,
aceptado_por_el_cliente VARCHAR(10) NOT NULL,
Espera_de_repuesto VARCHAR(10) NOT NULL,
estado_de_reparacion VARCHAR(10) NOT NULL,
finalizacion_de_taller VARCHAR(10) NOT NULL,
fuera_de_taller VARCHAR(10) NOT NULL,
estado VARCHAR(10) NOT NULL,
PRIMARY KEY(id_estado_del_vehiculo),
CONSTRAINT FK_VEH_ID FOREIGN KEY(id_vehiculo) REFERENCES vehiculos(id_vehiculo) ON UPDATE CASCADE
);

CREATE TABLE cotizacion(
id_cotizacion INT UNSIGNED NOT NULL AUTO_INCREMENT,
id_servicio INT UNSIGNED NOT NULL, 
cantidad_se VARCHAR(10) NOT NULL,
precio_se VARCHAR(10) NOT NULL,
id_articulo INT UNSIGNED NOT NULL, 
cantidad_ar VARCHAR(10) NOT NULL,
precio_ar VARCHAR(10) NOT NULL,
fechaIngreso_cotizacion DATETIME DEFAULT CURRENT_TIMESTAMP,
fechaModificacion_cotizacion DATETIME ON UPDATE CURRENT_TIMESTAMP,
estado VARCHAR(10) NOT NULL,
PRIMARY KEY(id_cotizacion),
CONSTRAINT FK_SER_COT FOREIGN KEY(id_servicio) REFERENCES servicios(id_servicio) ON UPDATE CASCADE,
CONSTRAINT FK_ART_COT FOREIGN KEY(id_articulo) REFERENCES articulos(id_articulo) ON UPDATE CASCADE
);

CREATE TABLE orden_trabajo(
id_orden_trabajo INT UNSIGNED NOT NULL AUTO_INCREMENT,
lista_de_verificacion VARCHAR(10) NOT NULL,
falla_del_vehiculo VARCHAR(10) NOT NULL,
fechaIngreso_orden_trabajo DATETIME DEFAULT CURRENT_TIMESTAMP,
fechaModificacion_orden_trabajo DATETIME ON UPDATE CURRENT_TIMESTAMP,
id_cliente INT UNSIGNED NOT NULL,
id_estado_del_vehiculo INT UNSIGNED NOT NULL,
id_cotizacion INT UNSIGNED NOT NULL,
id_servicio INT UNSIGNED NOT NULL, 
PRIMARY KEY(id_orden_trabajo),
CONSTRAINT FK_CLIE_OR FOREIGN KEY(id_cliente) REFERENCES clientes(id_cliente)ON UPDATE CASCADE,
CONSTRAINT FK_ESTA_OR FOREIGN KEY(id_estado_del_vehiculo) REFERENCES estado_del_vehiculo(id_estado_del_vehiculo)ON UPDATE CASCADE,
CONSTRAINT FK_COTI_OR FOREIGN KEY(id_cotizacion) REFERENCES cotizacion(id_cotizacion)ON UPDATE CASCADE,
CONSTRAINT FK_SER_OR FOREIGN KEY(id_servicio) REFERENCES servicios(id_servicio)ON UPDATE CASCADE
);