CREATE DATABASE autos_cp;


USE autos_cp;
CREATE TABLE usuarios(
id_usuario INT UNSIGNED AUTO_INCREMENT NOT NULL, 
nombre_usuario VARCHAR(255) NULL,
Usuario VARCHAR(20) NOT NULL,
PASSWORD VARCHAR(100) NULL,
fechaIngreso_usuario DATETIME DEFAULT CURRENT_TIMESTAMP,
fechaModificacion_usuario DATETIME ON UPDATE CURRENT_TIMESTAMP,
estado VARCHAR(10) NOT NULL,
PRIMARY KEY(id_usuario)
);

INSERT INTO usuarios(id_usuario, nombre_usuario, Usuario, PASSWORD, estado)
VALUES
(0, 'Administrador', 'admin', 'admin', 'ACTIVO');

SELECT * FROM usuarios;

CREATE TABLE departamentos(
id_departamento INT UNSIGNED NOT NULL AUTO_INCREMENT,
nombre_departamento VARCHAR(100) NOT NULL,
codigo VARCHAR(2) NOT NULL,	
PRIMARY KEY(id_departamento)
);

INSERT INTO  departamentos(id_departamento, nombre_departamento, codigo) VALUES
(1, 'AHUACHAPAN', 'AH'),
(2, 'SANTA ANA', 'SA'),
(3, 'SONSONATE', 'SO'),
(4, 'CHALATENANGO', 'CH'),
(5, 'LA LIBERTAD', 'LL'),
(6, 'SAN SALVADOR', 'SS'),
(7, 'CUSCATLAN', 'CU'),
(8, 'LA PAZ', 'LP'),
(9, 'CABANAS', 'CA'),
(10, 'SAN VICENTE', 'SV'),
(11, 'USULUTAN', 'US'),
(12, 'SAN MIGUEL', 'SM'),
(13, 'MORAZAN', 'MO'),
(14, 'LA UNION', 'LU');

CREATE TABLE municipios(
id_municipio INT UNSIGNED NOT NULL,
id_departamento INT UNSIGNED NOT NULL,
nombre_municipio VARCHAR(125) NOT NULL,
codigo VARCHAR(5) NOT NULL,
PRIMARY KEY(id_municipio),
CONSTRAINT FK_MUN_DEP FOREIGN KEY(id_departamento) REFERENCES departamentos(id_departamento) ON UPDATE CASCADE
);

INSERT INTO municipios (id_municipio, id_departamento, nombre_municipio, codigo) VALUES
(1, 1, 'AHUACHAPAN', '0101'),
(2, 1, 'APANECA', '0102'),
(3, 1, 'ATIQUIZAYA', '0103'),
(4, 1, 'CONCEPCION DE ATACO', '0104'),
(5, 1, 'EL REFUGIO', '0105'),
(6, 1, 'GUAYMANGO', '0106'),
(7, 1, 'JUJUTLA', '0107'),
(8, 1, 'SAN FRANCISCO MENENDEZ', '0108'),
(9, 1, 'SAN LORENZO', '0109'),
(10, 1, 'SAN PEDRO PUXTLA', '0110'),
(11, 1, 'TACUBA', '0111'),
(12, 1, 'TURIN', '0112'),
(13, 2, 'SANTA ANA', '0201'),
(14, 2, 'CANDELARIA DE LA FRONTERA', '0202'),
(15, 2, 'COATEPEQUE', '0203'),
(16, 2, 'CHALCHUAPA', '0204'),
(17, 2, 'EL CONGO', '0205'),
(18, 2, 'EL PORVENIR', '0206'),
(19, 2, 'MASAHUAT', '0207'),
(20, 2, 'METAPAN', '0208'),
(21, 2, 'SAN ANTONIO PAJONAL', '0209'),
(22, 2, 'SAN SEBASTIAN SALITRILLO', '0210'),
(23, 2, 'SANTA ROSA GUACHIPILIN', '0211'),
(24, 2, 'SANTIAGO DE LA FRONTERA', '0212'),
(25, 2, 'TEXISTEPEQUE', '0213'),
(26, 3, 'SONSONATE', '0301'),
(27, 3, 'ACAJUTLA', '0302'),
(28, 3, 'ARMENIA', '0303'),
(29, 3, 'CALUCO', '0304'),
(30, 3, 'CUISNAHUAT', '0305'),
(31, 3, 'IZALCO', '0306'),
(32, 3, 'JUAYUA', '0307'),
(33, 3, 'NAHUIZALCO', '0308'),
(34, 3, 'NAHUILINGO', '0309'),
(35, 3, 'SALCOATITAN', '0310'),
(36, 3, 'SAN ANTONIO DEL MONTE', '0311'),
(37, 3, 'SAN JULIAN', '0312'),
(38, 3, 'SANTA CATARINA MASAHUAT', '0313'),
(39, 3, 'SANTA ISABEL ISHUATAN', '0314'),
(40, 3, 'SANTO DOMINGO DE GUZMAN', '0315'),
(41, 3, 'SONZACATE', '0316'),
(42, 4, 'CHALATENANGO', '0401'),
(43, 4, 'AGUA CALIENTE', '0402'),
(44, 4, 'ARCATAO', '0403'),
(45, 4, 'AZACUALPA', '0404'),
(46, 4, 'SAN JOSE CANCASQUE', '0405'),
(47, 4, 'CITALA', '0406'),
(48, 4, 'COMALAPA', '0407'),
(49, 4, 'CONCEPCION QUEZALTEPEQUE', '0408'),
(50, 4, 'DULCE NOMBRE DE MARIA', '0409'),
(51, 4, 'EL CARRIZAL', '0410'),
(52, 4, 'EL PARAISO', '0411'),
(53, 4, 'LA LAGUNA', '0412'),
(54, 4, 'LA PALMA', '0413'),
(55, 4, 'LA REINA', '0414'),
(56, 4, 'LAS FLORES', '0415'),
(57, 4, 'LAS VUELTAS', '0416'),
(58, 4, 'NOMBRE DE JESUS', '0417'),
(59, 4, 'NUEVA CONCEPCION', '0418'),
(60, 4, 'NUEVA TRINIDAD', '0419'),
(61, 4, 'OJOS DE AGUA', '0420'),
(62, 4, 'POTONICO', '0421'),
(63, 4, 'SAN ANTONIO DE LA CRUZ', '0422'),
(64, 4, 'SAN ANTONIO LOS RANCHOS', '0423'),
(65, 4, 'SAN FERNANDO', '0424'),
(66, 4, 'SAN FRANCISCO LEMPA', '0425'),
(67, 4, 'SAN FRANCISCO MORAZAN', '0426'),
(68, 4, 'SAN IGNACIO', '0427'),
(69, 4, 'SAN ISIDRO LABRADOR', '0428'),
(70, 4, 'SAN LUIS DEL CARMEN', '0429'),
(71, 4, 'SAN MIGUEL DE MERCEDES', '0430'),
(72, 4, 'SAN RAFAEL', '0431'),
(73, 4, 'SANTA RITA', '0432'),
(74, 4, 'TEJUTLA', '0433'),
(75, 5, 'SANTA TECLA', '0501'),
(76, 5, 'ANTIGUO CUSCATLAN', '0502'),
(77, 5, 'CIUDAD ARCE', '0503'),
(78, 5, 'COLON', '0504'),
(79, 5, 'COMASAGUA', '0505'),
(80, 5, 'CHILTIUPAN', '0506'),
(81, 5, 'HUIZUCAR', '0507'),
(82, 5, 'JAYAQUE', '0508'),
(83, 5, 'JICALAPA', '0509'),
(84, 5, 'LA LIBERTAD', '0510'),
(85, 5, 'NUEVO CUSCATLAN', '0511'),
(86, 5, 'SAN JUAN OPICO', '0512'),
(87, 5, 'QUEZALTEPEQUE', '0513'),
(88, 5, 'SACACOYO', '0514'),
(89, 5, 'SAN JOSE VILLANUEVA', '0515'),
(90, 5, 'SAN MATIAS', '0516'),
(91, 5, 'SAN PABLO TACACHICO', '0517'),
(92, 5, 'TALNIQUE', '0518'),
(93, 5, 'TAMANIQUE', '0519'),
(94, 5, 'TEOTEPEQUE', '0520'),
(95, 5, 'TEPECOYO', '0521'),
(96, 5, 'ZARAGOZA', '0522'),
(97, 6, 'SAN SALVADOR', '0601'),
(98, 6, 'AGUILARES', '0602'),
(99, 6, 'APOPA', '0603'),
(100, 6, 'AYUTUXTEPEQUE', '0604'),
(101, 6, 'CUSCATANCINGO', '0605'),
(102, 6, 'DELGADO', '0606'),
(103, 6, 'EL PAISNAL', '0607'),
(104, 6, 'GUAZAPA', '0608'),
(105, 6, 'ILOPANGO', '0609'),
(106, 6, 'MEJICANOS', '0610'),
(107, 6, 'NEJAPA', '0611'),
(108, 6, 'PANCHIMALCO', '0612'),
(109, 6, 'ROSARIO DE MORA', '0613'),
(110, 6, 'SAN MARCOS', '0614'),
(111, 6, 'SAN MARTIN', '0615'),
(112, 6, 'SANTIAGO TEXACUANGOS', '0616'),
(113, 6, 'SANTO TOMAS', '0617'),
(114, 6, 'SOYAPANGO', '0618'),
(115, 6, 'TONACATEPEQUE', '0619'),
(116, 7, 'COJUTEPEQUE', '0701'),
(117, 7, 'CANDELARIA', '0702'),
(118, 7, 'EL CARMEN', '0703'),
(119, 7, 'EL ROSARIO', '0704'),
(120, 7, 'MONTE SAN JUAN', '0705'),
(121, 7, 'ORATORIO DE CONCEPCION', '0706'),
(122, 7, 'SAN BARTOLOME PERULAPIA', '0707'),
(123, 7, 'SAN CRISTOBAL', '0708'),
(124, 7, 'SAN JOSE GUAYABAL', '0709'),
(125, 7, 'SAN PEDRO PERULAPAN', '0710'),
(126, 7, 'SAN RAFAEL CEDROS', '0711'),
(127, 7, 'SAN RAMON', '0712'),
(128, 7, 'SANTA CRUZ ANALQUITO', '0713'),
(129, 7, 'SANTA CRUZ MICHAPA', '0714'),
(130, 7, 'SUCHITOTO', '0715'),
(131, 7, 'TENANCINGO', '0716'),
(132, 8, 'ZACATECOLUCA', '0801'),
(133, 8, 'CUYULTITAN', '0802'),
(134, 8, 'EL ROSARIO', '0803'),
(135, 8, 'JERUSALEN', '0804'),
(136, 8, 'MERCEDES DE LA CEIBA', '0805'),
(137, 8, 'OLOCUILTA', '0806'),
(138, 8, 'PARAISO DE OSORIO', '0807'),
(139, 8, 'SAN ANTONIO MASAHUAT', '0808'),
(140, 8, 'SAN EMIGDIO', '0809'),
(141, 8, 'SAN FRANCISCO CHINAMECA', '0810'),
(142, 8, 'SAN JUAN NONUALCO', '0811'),
(143, 8, 'SAN JUAN TALPA', '0812'),
(144, 8, 'SAN JUAN TEPEZONTES', '0813'),
(145, 8, 'SAN LUIS TALPA', '0814'),
(146, 8, 'SAN LUIS LA HERRADURA', '0815'),
(147, 8, 'SAN MIGUEL TEPEZONTES', '0816'),
(148, 8, 'SAN PEDRO MASAHUAT', '0817'),
(149, 8, 'SAN PEDRO NONUALCO', '0818'),
(150, 8, 'SAN RAFAEL OBRAJUELO', '0819'),
(151, 8, 'SANTA MARIA OSTUMA', '0820'),
(152, 8, 'SANTIAGO NONUALCO', '0821'),
(153, 8, 'TAPALHUACA', '0822'),
(154, 9, 'SENSUNTEPEQUE', '0901'),
(155, 9, 'CINQUERA', '0902'),
(156, 9, 'DOLORES', '0903'),
(157, 9, 'GUACOTECTI', '0904'),
(158, 9, 'ILOBASCO', '0905'),
(159, 9, 'JUTIAPA', '0906'),
(160, 9, 'SAN ISIDRO', '0907'),
(161, 9, 'TEJUTEPEQUE', '0908'),
(162, 9, 'VICTORIA', '0909'),
(163, 10, 'SAN VICENTE', '1001'),
(164, 10, 'APASTEPEQUE', '1002'),
(165, 10, 'GUADALUPE', '1003'),
(166, 10, 'SAN CAYETANO ISTEPEQUE', '1004'),
(167, 10, 'SAN ESTEBAN CATARINA', '1005'),
(168, 10, 'SAN ILDEFONSO', '1006'),
(169, 10, 'SAN LORENZO', '1007'),
(170, 10, 'SAN SEBASTIAN', '1008'),
(171, 10, 'SANTA CLARA', '1009'),
(172, 10, 'SANTO DOMINGO', '1010'),
(173, 10, 'TECOLUCA', '1011'),
(174, 10, 'TEPETITAN', '1012'),
(175, 10, 'VERAPAZ', '1013'),
(176, 11, 'USULUTAN', '1101'),
(177, 11, 'ALEGRIA', '1102'),
(178, 11, 'BERLIN', '1103'),
(179, 11, 'CALIFORNIA', '1104'),
(180, 11, 'CONCEPCION BATRES', '1105'),
(181, 11, 'EL TRIUNFO', '1106'),
(182, 11, 'EREGUAYQUIN', '1107'),
(183, 11, 'ESTANZUELAS', '1108'),
(184, 11, 'JIQUILISCO', '1109'),
(185, 11, 'JUCUAPA', '1110'),
(186, 11, 'JUCUARAN', '1111'),
(187, 11, 'MERCEDES UMANA', '1112'),
(188, 11, 'NUEVA GRANADA', '1113'),
(189, 11, 'OZATLAN', '1114'),
(190, 11, 'PUERTO EL TRIUNFO', '1115'),
(191, 11, 'SAN AGUSTIN', '1116'),
(192, 11, 'SAN BUENAVENTURA', '1117'),
(193, 11, 'SAN DIONISIO', '1118'),
(194, 11, 'SAN FRANCISCO JAVIER', '1119'),
(195, 11, 'SANTA ELENA', '1120'),
(196, 11, 'SANTA MARIA', '1121'),
(197, 11, 'SANTIAGO DE MARIA', '1122'),
(198, 11, 'TECAPAN', '1123'),
(199, 12, 'SAN MIGUEL', '1201'),
(200, 12, 'CAROLINA', '1202'),
(201, 12, 'CIUDAD BARRIOS', '1203'),
(202, 12, 'COMACARAN', '1204'),
(203, 12, 'CHAPELTIQUE', '1205'),
(204, 12, 'CHINAMECA', '1206'),
(205, 12, 'CHIRILAGUA', '1207'),
(206, 12, 'EL TRANSITO', '1208'),
(207, 12, 'LOLOTIQUE', '1209'),
(208, 12, 'MONCAGUA', '1210'),
(209, 12, 'NUEVA GUADALUPE', '1211'),
(210, 12, 'NUEVO EDEN DE SAN JUAN', '1212'),
(211, 12, 'QUELEPA', '1213'),
(212, 12, 'SAN ANTONIO', '1214'),
(213, 12, 'SAN GERARDO', '1215'),
(214, 12, 'SAN JORGE', '1216'),
(215, 12, 'SAN LUIS DE LA REINA', '1217'),
(216, 12, 'SAN RAFAEL ORIENTE', '1218'),
(217, 12, 'SESORI', '1219'),
(218, 12, 'ULUAZAPA', '1220'),
(219, 13, 'SAN FRANCISCO GOTERA', '1301'),
(220, 13, 'ARAMBALA', '1302'),
(221, 13, 'CACAOPERA', '1303'),
(222, 13, 'CORINTO', '1304'),
(223, 13, 'CHILANGA', '1305'),
(224, 13, 'DELICIAS DE CONCEPCION', '1306'),
(225, 13, 'EL DIVISADERO', '1307'),
(226, 13, 'EL ROSARIO', '1308'),
(227, 13, 'GUALOCOCTI', '1309'),
(228, 13, 'GUATAJIAGUA', '1310'),
(229, 13, 'JOATECA', '1311'),
(230, 13, 'JOCOAITIQUE', '1312'),
(231, 13, 'JOCORO', '1313'),
(232, 13, 'LOLOTIQUILLO', '1314'),
(233, 13, 'MEANGUERA', '1315'),
(234, 13, 'OSICALA', '1316'),
(235, 13, 'PERQUIN', '1317'),
(236, 13, 'SAN CARLOS', '1318'),
(237, 13, 'SAN FERNANDO', '1319'),
(238, 13, 'SAN ISIDRO', '1320'),
(239, 13, 'SAN SIMON', '1321'),
(240, 13, 'SENSEMBRA', '1322'),
(241, 13, 'SOCIEDAD', '1323'),
(242, 13, 'TOROLA', '1324'),
(243, 13, 'YAMABAL', '1325'),
(244, 13, 'YOLOAIQUIN', '1326'),
(245, 14, 'LA UNION', '1401'),
(246, 14, 'ANAMOROS', '1402'),
(247, 14, 'BOLIVAR', '1403'),
(248, 14, 'CONCEPCION ORIENTE', '1404'),
(249, 14, 'CONCHAGUA', '1405'),
(250, 14, 'EL CARMEN', '1406'),
(251, 14, 'EL SAUCE', '1407'),
(252, 14, 'INTIPUCA', '1408'),
(253, 14, 'LISLIQUE', '1409'),
(254, 14, 'MEANGUERA DEL GOLFO', '1410'),
(255, 14, 'NUEVA ESPARTA', '1411'),
(256, 14, 'PASAQUINA', '1412'),
(257, 14, 'POLOROS', '1413'),
(258, 14, 'SAN ALEJO', '1414'),
(259, 14, 'SAN JOSE', '1415'),
(260, 14, 'SANTA ROSA DE LIMA', '1416'),
(261, 14, 'YAYANTIQUE', '1417'),
(262, 14, 'YUCUAIQUIN', '1418');

SELECT nombre_municipio FROM municipios WHERE id_departamento=5;

CREATE TABLE clientes(
id_cliente INT UNSIGNED NOT NULL AUTO_INCREMENT,
nombre_cliente VARCHAR(50) NOT NULL,
direccion_cliente VARCHAR(200) NOT NULL,
id_departamento INT UNSIGNED NOT NULL,
id_municipio INT UNSIGNED NOT NULL,
telefono_cliente VARCHAR(10) NOT NULL,
correo_cliente VARCHAR(30) NOT NULL,
nombre_factura VARCHAR(50) NOT NULL,
nit_cliente VARCHAR(20) NOT NULL,
nrc_cliente VARCHAR(20) NOT NULL,
giro_nrc VARCHAR(20) NOT NULL,
fechaIngreso_cliente DATETIME DEFAULT CURRENT_TIMESTAMP,
fechaModificacion_cliente DATETIME ON UPDATE CURRENT_TIMESTAMP,
estado VARCHAR(10) NOT NULL,
PRIMARY KEY(id_cliente),
CONSTRAINT FK_DEP_CLI FOREIGN KEY(id_departamento) REFERENCES departamentos(id_departamento) ON UPDATE CASCADE,
CONSTRAINT FK_MUN_CLI FOREIGN KEY(id_municipio) REFERENCES municipios(id_municipio) ON UPDATE CASCADE
);

CREATE TABLE proveedores(
id_proveedor INT UNSIGNED NOT NULL AUTO_INCREMENT,
nombre_comercial_proveedor VARCHAR(50) NOT NULL,
nombre_propietario_proveedor VARCHAR(50) NOT NULL,
giro_proveedor VARCHAR(25) NOT NULL,
DUI_proveedor VARCHAR(20) UNIQUE NOT NULL,
NIT_proveedor VARCHAR(20) UNIQUE NOT NULL,
direccion_proveedor VARCHAR(100) NOT NULL,
telefono1_proveedor VARCHAR(15) NOT NULL,
telefono2_proveedor VARCHAR(15) NOT NULL,
fechaIngreso_proveedor DATETIME DEFAULT CURRENT_TIMESTAMP,
fechaModificacion_proveedor DATETIME ON UPDATE CURRENT_TIMESTAMP,
telefono3_proveedor VARCHAR(15) NOT NULL,
estado VARCHAR(10) NOT NULL,
PRIMARY KEY (id_proveedor)
);

CREATE TABLE categoria_art(
id_categoria_art INT UNSIGNED NOT NULL AUTO_INCREMENT,
nombre_categoria_art VARCHAR(50) UNIQUE NOT NULL,
descripcion_categoria_art VARCHAR(200) NOT NULL,
fechaIngreso_categoria_art DATETIME DEFAULT CURRENT_TIMESTAMP,
fechaModificacion_categoria_art DATETIME DEFAULT CURRENT_TIMESTAMP,
estado VARCHAR(10) NOT NULL,
PRIMARY KEY(id_categoria_art)
);

CREATE TABLE marca_art(
id_marca_art INT UNSIGNED NOT NULL AUTO_INCREMENT,
nombreMarca VARCHAR(100) UNIQUE NOT NULL,
fechaIngreso_marca_art DATETIME DEFAULT CURRENT_TIMESTAMP,
fechaModificacion_marca_art DATETIME ON UPDATE CURRENT_TIMESTAMP,
estado VARCHAR(10) NOT NULL,
PRIMARY KEY(id_marca_art)
);

CREATE TABLE articulos(
id_articulo INT UNSIGNED NOT NULL AUTO_INCREMENT,
nombre_articulo VARCHAR(100) NOT NULL,
id_categoria_art INT UNSIGNED NOT NULL,
id_proveedor INT UNSIGNED NOT NULL,
id_marca_art INT UNSIGNED NOT NULL,
descripcion TEXT NULL,
fechaIngreso_articulo DATETIME DEFAULT CURRENT_TIMESTAMP,
fechaModificacion_articulo DATETIME DEFAULT CURRENT_TIMESTAMP,
estado VARCHAR(10) NOT NULL,
PRIMARY KEY(id_articulo),
CONSTRAINT FK_ART_CAT FOREIGN KEY(id_categoria_art) REFERENCES categoria_art(id_categoria_art) ON UPDATE CASCADE,
CONSTRAINT FK_ART_PRO FOREIGN KEY(id_proveedor) REFERENCES proveedores(id_proveedor) ON UPDATE CASCADE,
CONSTRAINT FK_ART_MAR FOREIGN KEY(id_marca_art) REFERENCES marca_art(id_marca_art) ON UPDATE CASCADE
);

CREATE TABLE categorias_serv(
id_categoria INT UNSIGNED NOT NULL AUTO_INCREMENT,
nombre_categoria VARCHAR(100) NOT NULL,
descripcion TEXT NULL,
estado VARCHAR(10) NOT NULL,
PRIMARY KEY(id_categoria)
);

CREATE TABLE servicios(
id_servicio INT UNSIGNED NOT NULL AUTO_INCREMENT,
nombre_servicio VARCHAR(200) NOT NULL,
detalles TEXT NULL,
fechaIngreso_servicio DATETIME DEFAULT CURRENT_TIMESTAMP,
fechaModificacion_servicio DATETIME ON UPDATE CURRENT_TIMESTAMP,
estado VARCHAR(10) NOT NULL,
id_categoria INT UNSIGNED NOT NULL,
PRIMARY KEY(id_servicio),
CONSTRAINT FK_SERV_CAT FOREIGN KEY(id_categoria) REFERENCES categorias_serv(id_categoria) ON UPDATE CASCADE
);


CREATE TABLE marca_aut(
id_marca INT UNSIGNED NOT NULL AUTO_INCREMENT,
nombre_marca VARCHAR(100) NOT NULL,
fecIngreso_marca_aut DATETIME DEFAULT CURRENT_TIMESTAMP,
fechModificacion_marca_aut DATETIME ON UPDATE CURRENT_TIMESTAMP,
estado VARCHAR(10) NOT NULL,
PRIMARY KEY(id_marca)
);

INSERT INTO marca_aut(id_marca, nombre_marca, estado) VALUES
(1, 'Acura', 'ACTIVO'),
(2, 'Alfa Romeo', 'ACTIVO'),
(3, 'Aptera', 'ACTIVO'),
(4, 'Aston Martin', 'ACTIVO'),
(5, 'Audi', 'ACTIVO'),
(6, 'Austin', 'ACTIVO'),
(7, 'Bentley', 'ACTIVO'),
(8, 'BMW', 'ACTIVO'),
(9, 'Bugatti', 'ACTIVO'),
(10, 'Buick', 'ACTIVO'),
(11, 'Cadillac', 'ACTIVO'),
(12, 'Chevrolet', 'ACTIVO'),
(13, 'Chrysler', 'ACTIVO'),
(14, 'Citroen', 'ACTIVO'),
(15, 'Corbin', 'ACTIVO'),
(16, 'Daewoo', 'ACTIVO'),
(17, 'Daihatsu', 'ACTIVO'),
(18, 'Dodge', 'ACTIVO'),
(19, 'Eagle', 'ACTIVO'),
(20, 'Fairthorpe', 'ACTIVO'),
(21, 'Ferrari', 'ACTIVO'),
(22, 'FIAT', 'ACTIVO'),
(23, 'Fillmore', 'ACTIVO'),
(24, 'Foose', 'ACTIVO'),
(25, 'Ford', 'ACTIVO'),
(26, 'Geo', 'ACTIVO'),
(27, 'GMC', 'ACTIVO'),
(28, 'Hillman', 'ACTIVO'),
(29, 'Holden', 'ACTIVO'),
(30, 'Honda', 'ACTIVO'),
(31, 'HUMMER', 'ACTIVO'),
(32, 'Hyundai', 'ACTIVO'),
(33, 'Infiniti', 'ACTIVO'),
(34, 'Isuzu', 'ACTIVO'),
(35, 'Jaguar', 'ACTIVO'),
(36, 'Jeep', 'ACTIVO'),
(37, 'Jensen', 'ACTIVO'),
(38, 'Kia', 'ACTIVO'),
(39, 'Lamborghini', 'ACTIVO'),
(40, 'Land Rover', 'ACTIVO'),
(41, 'Lexus', 'ACTIVO'),
(42, 'Lincoln', 'ACTIVO'),
(43, 'Lotus', 'ACTIVO'),
(44, 'Maserati', 'ACTIVO'),
(45, 'Maybach', 'ACTIVO'),
(46, 'Mazda', 'ACTIVO'),
(47, 'McLaren', 'ACTIVO'),
(48, 'Mercedes-Benz', 'ACTIVO'),
(49, 'Mercury', 'ACTIVO'),
(50, 'Merkur', 'ACTIVO'),
(51, 'MG', 'ACTIVO'),
(52, 'MINI', 'ACTIVO'),
(53, 'Mitsubishi', 'ACTIVO'),
(54, 'Morgan', 'ACTIVO'),
(55, 'Nissan', 'ACTIVO'),
(56, 'Oldsmobile', 'ACTIVO'),
(57, 'Panoz', 'ACTIVO'),
(58, 'Peugeot', 'ACTIVO'),
(59, 'Plymouth', 'ACTIVO'),
(60, 'Pontiac', 'ACTIVO'),
(61, 'Porsche', 'ACTIVO'),
(62, 'Ram', 'ACTIVO'),
(63, 'Rambler', 'ACTIVO'),
(64, 'Renault', 'ACTIVO'),
(65, 'Rolls-Royce', 'ACTIVO'),
(66, 'Saab', 'ACTIVO'),
(67, 'Saturn', 'ACTIVO'),
(68, 'Scion', 'ACTIVO'),
(69, 'Shelby', 'ACTIVO'),
(70, 'Smart', 'ACTIVO'),
(71, 'Spyker', 'ACTIVO'),
(72, 'Spyker Cars', 'ACTIVO'),
(73, 'Studebaker', 'ACTIVO'),
(74, 'Subaru', 'ACTIVO'),
(75, 'Suzuki', 'ACTIVO'),
(76, 'Tesla', 'ACTIVO'),
(77, 'Toyota', 'ACTIVO'),
(78, 'Volkswagen', 'ACTIVO'),
(79, 'Volvo', 'ACTIVO'),
(80, 'SEAT', 'ACTIVO'),
(81, 'SSANGYONG', 'ACTIVO'),
(82, 'GOLF', 'ACTIVO'),
(83, 'FREIGHTLINER', 'ACTIVO'),
(84, 'CMC', 'ACTIVO'),
(85, 'LADA', 'ACTIVO');

CREATE TABLE modelo_aut(
id_modelo INT UNSIGNED NOT NULL AUTO_INCREMENT,
id_marca INT UNSIGNED NOT NULL,
nombre_modelo VARCHAR(100) NOT NULL,
fecIngreso_modelo_aut DATETIME DEFAULT CURRENT_TIMESTAMP,
fechModificacion_modelo_aut DATETIME ON UPDATE CURRENT_TIMESTAMP,
estado VARCHAR(10) NOT NULL,
PRIMARY KEY(id_modelo),
CONSTRAINT FK_MAR_MOD FOREIGN KEY (id_marca) REFERENCES marca_aut(id_marca) ON UPDATE CASCADE
);

INSERT INTO modelo_aut (id_modelo, id_marca, nombre_modelo, estado) VALUES
(1, 1, 'Legend ', 'ACTIVO'),
(2, 1, 'Integra ', 'ACTIVO'),
(3, 1, 'NSX ', 'ACTIVO'),
(4, 1, 'Vigor ', 'ACTIVO'),
(5, 1, 'TL ', 'ACTIVO'),
(6, 1, 'RL ', 'ACTIVO'),
(7, 1, 'SLX ', 'ACTIVO'),
(8, 1, 'CL ', 'ACTIVO'),
(9, 1, 'MDX ', 'ACTIVO'),
(10, 1, 'RSX ', 'ACTIVO'),
(11, 1, 'TSX ', 'ACTIVO'),
(12, 1, 'RDX ', 'ACTIVO'),
(13, 1, 'ZDX ', 'ACTIVO'),
(14, 2, '164', 'ACTIVO'),
(15, 2, 'Spider ', 'ACTIVO'),
(16, 2, '164', 'ACTIVO'),
(17, 3, 'Typ-1', 'ACTIVO'),
(18, 3, '2e ', 'ACTIVO'),
(19, 3, 'Type-1h ', 'ACTIVO'),
(20, 4, 'DB9 ', 'ACTIVO'),
(21, 4, 'Vanquish S ', 'ACTIVO'),
(22, 4, 'DB9 Volante ', 'ACTIVO'),
(23, 4, 'V8 Vantage ', 'ACTIVO'),
(24, 4, 'Vantage ', 'ACTIVO'),
(25, 4, 'DBS ', 'ACTIVO'),
(26, 4, 'Rapide ', 'ACTIVO'),
(27, 4, 'V12 Vantage ', 'ACTIVO'),
(28, 4, 'V8 Vantage S ', 'ACTIVO'),
(29, 4, 'Virage ', 'ACTIVO'),
(30, 5, '5000S ', 'ACTIVO'),
(31, 5, '4000s ', 'ACTIVO'),
(32, 5, '5000S ', 'ACTIVO'),
(33, 5, 'Coupe GT ', 'ACTIVO'),
(34, 5, 'Quattro ', 'ACTIVO'),
(35, 5, '4000CS Quattro ', 'ACTIVO'),
(36, 5, '4000s Quattro ', 'ACTIVO'),
(37, 5, '5000CS Quattro ', 'ACTIVO'),
(38, 5, '4000', 'ACTIVO'),
(39, 5, '5000CS ', 'ACTIVO'),
(40, 5, '80/90 ', 'ACTIVO'),
(41, 5, '90', 'ACTIVO'),
(42, 5, '100', 'ACTIVO'),
(43, 5, '200', 'ACTIVO'),
(44, 5, '80', 'ACTIVO'),
(45, 5, '90', 'ACTIVO'),
(46, 5, 'Coupe Quattro ', 'ACTIVO'),
(47, 5, 'V8 ', 'ACTIVO'),
(48, 5, '80', 'ACTIVO'),
(49, 5, 'S4 ', 'ACTIVO'),
(50, 5, '90', 'ACTIVO'),
(51, 5, '90', 'ACTIVO'),
(52, 5, 'A6 ', 'ACTIVO'),
(53, 5, 'S6 ', 'ACTIVO'),
(54, 5, 'A4 ', 'ACTIVO'),
(55, 5, 'A8 ', 'ACTIVO'),
(56, 5, 'TT ', 'ACTIVO'),
(57, 5, 'Allroad ', 'ACTIVO'),
(58, 5, 'S8 ', 'ACTIVO'),
(59, 5, 'RS 6 ', 'ACTIVO'),
(60, 5, 'RS6 ', 'ACTIVO'),
(61, 5, 'A3 ', 'ACTIVO'),
(62, 5, 'Q7 ', 'ACTIVO'),
(63, 5, 'RS 4 ', 'ACTIVO'),
(64, 5, 'RS4 ', 'ACTIVO'),
(65, 5, 'A5 ', 'ACTIVO'),
(66, 5, 'R8 ', 'ACTIVO'),
(67, 5, 'S5 ', 'ACTIVO'),
(68, 5, 'Q5 ', 'ACTIVO'),
(69, 5, 'A7 ', 'ACTIVO'),
(70, 6, 'Mini ', 'ACTIVO'),
(71, 6, 'Mini Cooper ', 'ACTIVO'),
(72, 6, 'Mini Cooper S ', 'ACTIVO'),
(73, 7, 'Arnage ', 'ACTIVO'),
(74, 7, 'Azure ', 'ACTIVO'),
(75, 7, 'Continental Flying Spur ', 'ACTIVO'),
(76, 7, 'Continental GT ', 'ACTIVO'),
(77, 7, 'Continental GTC ', 'ACTIVO'),
(78, 7, 'Brooklands ', 'ACTIVO'),
(79, 7, 'Azure T ', 'ACTIVO'),
(80, 7, 'Continental Super ', 'ACTIVO'),
(81, 7, 'Mulsanne ', 'ACTIVO'),
(82, 8, '600', 'ACTIVO'),
(83, 8, '6 Series ', 'ACTIVO'),
(84, 8, '3 Series ', 'ACTIVO'),
(85, 8, '5 Series ', 'ACTIVO'),
(86, 8, '7 Series ', 'ACTIVO'),
(87, 8, '8 Series ', 'ACTIVO'),
(88, 8, 'M5 ', 'ACTIVO'),
(89, 8, '7 Series ', 'ACTIVO'),
(90, 8, 'M3 ', 'ACTIVO'),
(91, 8, 'Z3 ', 'ACTIVO'),
(92, 8, '8 Series ', 'ACTIVO'),
(93, 8, '5 Series ', 'ACTIVO'),
(94, 8, '7 Series ', 'ACTIVO'),
(95, 8, 'X5 ', 'ACTIVO'),
(96, 8, 'Z8 ', 'ACTIVO'),
(97, 8, '525', 'ACTIVO'),
(98, 8, '530', 'ACTIVO'),
(99, 8, '525', 'ACTIVO'),
(100, 8, '530', 'ACTIVO'),
(101, 8, '7 Series ', 1),
(102, 8, '745', 1),
(103, 8, '525', 1),
(104, 8, '530', 1),
(105, 8, '745', 1),
(106, 8, '760', 1),
(107, 8, 'Z4 ', 1),
(108, 8, '325', 1),
(109, 8, '545', 1),
(110, 8, '6 Series ', 1),
(111, 8, '645', 1),
(112, 8, 'X3 ', 1),
(113, 8, '330', 1),
(114, 8, '760', 1),
(115, 8, '530', 1),
(116, 8, '550', 1),
(117, 8, '650', 1),
(118, 8, '750', 1),
(119, 8, 'M Roadster ', 1),
(120, 8, 'M6 ', 1),
(121, 8, 'Z4 M ', 1),
(122, 8, 'Alpina B7 ', 1),
(123, 8, '1 Series ', 1),
(124, 8, '3 Series ', 1),
(125, 8, 'X6 ', 1),
(126, 8, 'Z4 M Roadster ', 1),
(127, 8, 'X5 M ', 1),
(128, 8, 'X6 M ', 1),
(129, 8, '5 Series ', 1),
(130, 9, 'Veyron ', 1),
(131, 10, 'Special ', 1),
(132, 10, 'Riviera ', 1),
(133, 10, 'Century ', 1),
(134, 10, 'Electra ', 1),
(135, 10, 'Skyhawk ', 1),
(136, 10, 'LeSabre ', 1),
(137, 10, 'Regal ', 1),
(138, 10, 'Skylark ', 1),
(139, 10, 'Somerset ', 1),
(140, 10, 'Reatta ', 1),
(141, 10, 'Estate ', 1),
(142, 10, 'Coachbuilder ', 1),
(143, 10, 'Park Avenue ', 1),
(144, 10, 'Roadmaster ', 1),
(145, 10, 'Hearse ', 1),
(146, 10, 'Rendezvous ', 1),
(147, 10, 'Rainier ', 1),
(148, 10, 'LaCrosse ', 1),
(149, 10, 'Terraza ', 1),
(150, 10, 'Lucerne ', 1),
(151, 10, 'Enclave ', 1),
(152, 10, 'Verano ', 1),
(153, 11, 'Fleetwood ', 1),
(154, 11, 'Allante ', 1),
(155, 11, 'Brougham ', 1),
(156, 11, 'DeVille ', 1),
(157, 11, 'Eldorado ', 1),
(158, 11, 'Seville ', 1),
(159, 11, 'Sixty Special ', 1),
(160, 11, 'Catera ', 1),
(161, 11, 'Escalade ', 1),
(162, 11, 'Escalade EXT ', 1),
(163, 11, 'CTS ', 1),
(164, 11, 'Escalade ESV ', 1),
(165, 11, 'SRX ', 1),
(166, 11, 'XLR ', 1),
(167, 11, 'STS ', 1),
(168, 11, 'DTS ', 1),
(169, 11, 'CTS-V ', 1),
(170, 11, 'STS-V ', 1),
(171, 11, 'XLR-V ', 1),
(172, 12, 'Corvette ', 1),
(173, 12, 'Corvair ', 1),
(174, 12, 'Corvair 500 ', 1),
(175, 12, 'Bel Air ', 1),
(176, 12, 'Camaro ', 1),
(177, 12, 'Vega ', 1),
(178, 12, 'Monte Carlo ', 1),
(179, 12, 'Monza ', 1),
(180, 12, 'Caprice ', 1),
(181, 12, 'LUV ', 1),
(182, 12, 'Citation ', 1),
(183, 12, '1500', 1),
(184, 12, '2500', 1),
(185, 12, '3500', 1),
(186, 12, 'APV ', 1),
(187, 12, 'Astro ', 1),
(188, 12, 'Beretta ', 1),
(189, 12, 'Blazer ', 1),
(190, 12, 'Cavalier ', 1),
(191, 12, 'Corsica ', 1),
(192, 12, 'Lumina ', 1),
(193, 12, 'Lumina APV ', 1),
(194, 12, 'S10 ', 1),
(195, 12, 'S10 Blazer ', 1),
(196, 12, 'Sportvan G10 ', 1),
(197, 12, 'Sportvan G20 ', 1),
(198, 12, 'Sportvan G30 ', 1),
(199, 12, 'Suburban 1500 ', 1),
(200, 12, 'Suburban 2500 ', 1),
(201, 12, '1500', 1),
(202, 12, 'Caprice Classic ', 1),
(203, 12, '1500', 1),
(204, 12, 'Impala ', 1),
(205, 12, 'Impala SS ', 1),
(206, 12, 'K5 Blazer ', 1),
(207, 12, 'Tahoe ', 1),
(208, 12, '2500', 1),
(209, 12, 'Express 1500 ', 1),
(210, 12, 'Express 2500 ', 1),
(211, 12, 'Express 3500 ', 1),
(212, 12, 'Malibu ', 1),
(213, 12, 'Venture ', 1),
(214, 12, '1500', 1),
(215, 12, '2500', 1),
(216, 12, '3500', 1),
(217, 12, '3500', 1),
(218, 12, 'Silverado ', 1),
(219, 12, 'Silverado 1500 ', 1),
(220, 12, 'Silverado 2500 ', 1),
(221, 12, '3500', 1),
(222, 12, 'Silverado 3500 ', 1),
(223, 12, 'Avalanche ', 1),
(224, 12, 'Avalanche 1500 ', 1),
(225, 12, 'Avalanche 2500 ', 1),
(226, 12, 'Trailblazer ', 1),
(227, 12, 'SSR ', 1),
(228, 12, 'Aveo ', 1),
(229, 12, 'Colorado ', 1),
(230, 12, 'Cobalt ', 1),
(231, 12, 'Equinox ', 1),
(232, 12, 'Uplander ', 1),
(233, 12, 'Express ', 1),
(234, 12, 'HHR ', 1),
(235, 12, 'HHR Panel ', 1),
(236, 12, 'Malibu Maxx ', 1),
(237, 12, 'Silverado 3500HD ', 1),
(238, 12, 'Silverado Hybrid ', 1),
(239, 12, 'Suburban ', 1),
(240, 12, 'Cobalt SS ', 1),
(241, 12, 'Traverse ', 1),
(242, 12, 'Cruze ', 1),
(243, 12, 'Volt ', 1),
(244, 12, 'Sonic ', 1),
(245, 12, 'G-Series 1500 ', 1),
(246, 12, 'G-Series 2500 ', 1),
(247, 12, 'G-Series 3500 ', 1),
(248, 12, 'G-Series G10 ', 1),
(249, 12, 'G-Series G20 ', 1),
(250, 12, 'G-Series G30 ', 1),
(251, 13, 'Imperial ', 1),
(252, 13, 'Fifth Ave ', 1),
(253, 13, 'LeBaron ', 1),
(254, 13, 'New Yorker ', 1),
(255, 13, 'Town & Country ', 1),
(256, 13, 'Concorde ', 1),
(257, 13, 'LHS ', 1),
(258, 13, 'Cirrus ', 1),
(259, 13, 'Sebring ', 1),
(260, 13, '300', 1),
(261, 13, '300M ', 1),
(262, 13, 'PT Cruiser ', 1),
(263, 13, 'Crossfire ', 1),
(264, 13, 'Pacifica ', 1),
(265, 13, '300', 1),
(266, 13, '300C ', 1),
(267, 13, 'Crossfire Roadster ', 1),
(268, 13, '300', 1),
(269, 14, '2CV ', 1),
(270, 14, 'SM ', 1),
(271, 14, 'CX ', 1),
(272, 15, 'Sparrow ', 1),
(273, 16, 'Lanos ', 1),
(274, 16, 'Leganza ', 1),
(275, 16, 'Nubira ', 1),
(276, 17, 'Charade ', 1),
(277, 17, 'Rocky ', 1),
(278, 18, 'Charger ', 1),
(279, 18, 'Aspen ', 1),
(280, 18, 'Omni ', 1),
(281, 18, 'Aries ', 1),
(282, 18, 'Daytona ', 1),
(283, 18, 'Caravan ', 1),
(284, 18, 'Colt ', 1),
(285, 18, 'D150 ', 1),
(286, 18, 'D150 Club ', 1),
(287, 18, 'D250 ', 1),
(288, 18, 'D250 Club ', 1),
(289, 18, 'D350 ', 1),
(290, 18, 'D350 Club ', 1),
(291, 18, 'Dakota ', 1),
(292, 18, 'Dakota Club ', 1),
(293, 18, 'Dynasty ', 1),
(294, 18, 'Grand Caravan ', 1),
(295, 18, 'Monaco ', 1),
(296, 18, 'Ram 50 ', 1),
(297, 18, 'Ram Van B150 ', 1),
(298, 18, 'Ram Van B250 ', 1),
(299, 18, 'Ram Van B350 ', 1),
(300, 18, 'Ram Wagon B150 ', 1),
(301, 18, 'Ram Wagon B250 ', 1),
(302, 18, 'Ram Wagon B350 ', 1),
(303, 18, 'Ramcharger ', 1),
(304, 18, 'Shadow ', 1),
(305, 18, 'Spirit ', 1),
(306, 18, 'Stealth ', 1),
(307, 18, 'Viper ', 1),
(308, 18, 'Intrepid ', 1),
(309, 18, 'Viper RT/10 ', 1),
(310, 18, 'Ram ', 1),
(311, 18, 'Ram 1500 ', 1),
(312, 18, 'Ram 2500 ', 1),
(313, 18, 'Ram 3500 ', 1),
(314, 18, 'Avenger ', 1),
(315, 18, 'Neon ', 1),
(316, 18, 'Ram 1500 Club ', 1),
(317, 18, 'Ram 2500 Club ', 1),
(318, 18, 'Ram 3500 Club ', 1),
(319, 18, 'Ram Van 1500 ', 1),
(320, 18, 'Ram Van 2500 ', 1),
(321, 18, 'Ram Van 3500 ', 1),
(322, 18, 'Stratus ', 1),
(323, 18, 'Durango ', 1),
(324, 18, 'Magnum ', 1),
(325, 18, 'Sprinter ', 1),
(326, 18, 'Caliber ', 1),
(327, 18, 'Nitro ', 1),
(328, 18, 'Journey ', 1),
(329, 19, 'Talon ', 1),
(330, 19, 'Premier ', 1),
(331, 19, 'Summit ', 1),
(332, 19, 'Vision ', 1),
(333, 20, 'Rockette ', 1),
(334, 21, '612 Scaglietti ', 1),
(335, 21, 'F430 ', 1),
(336, 21, 'F430 Spider ', 1),
(337, 21, '599 GTB Fiorano ', 1),
(338, 21, '430 Scuderia ', 1),
(339, 21, 'California ', 1),
(340, 21, '458 Italia ', 1),
(341, 21, '458 Italia ', 1),
(342, 21, 'FF ', 1),
(343, 22, '500', 1),
(344, 22, 'Nuova 500 ', 1),
(345, 23, 'Fillmore ', 1),
(346, 24, 'Hemisfear ', 1),
(347, 25, 'Model T ', 1),
(348, 25, 'Thunderbird ', 1),
(349, 25, 'Galaxie ', 1),
(350, 25, 'Mustang ', 1),
(351, 25, 'Fairlane ', 1),
(352, 25, 'Falcon ', 1),
(353, 25, 'Country ', 1),
(354, 25, 'Torino ', 1),
(355, 25, 'Bronco ', 1),
(356, 25, 'Bronco II ', 1),
(357, 25, 'E150 ', 1),
(358, 25, 'E250 ', 1),
(359, 25, 'Escort ', 1),
(360, 25, 'EXP ', 1),
(361, 25, 'F150 ', 1),
(362, 25, 'F250 ', 1),
(363, 25, 'Laser ', 1),
(364, 25, 'LTD ', 1),
(365, 25, 'LTD Crown Victoria ', 1),
(366, 25, 'Ranger ', 1),
(367, 25, 'Tempo ', 1),
(368, 25, 'Aerostar ', 1),
(369, 25, 'Courier ', 1),
(370, 25, 'Taurus ', 1),
(371, 25, 'Festiva ', 1),
(372, 25, 'Probe ', 1),
(373, 25, 'Explorer ', 1),
(374, 25, 'Club Wagon ', 1),
(375, 25, 'Crown Victoria ', 1),
(376, 25, 'Econoline E150 ', 1),
(377, 25, 'Econoline E250 ', 1),
(378, 25, 'Econoline E350 ', 1),
(379, 25, 'F350 ', 1),
(380, 25, 'Aspire ', 1),
(381, 25, 'Lightning ', 1),
(382, 25, 'Contour ', 1),
(383, 25, 'Windstar ', 1),
(384, 25, 'Expedition ', 1),
(385, 25, 'Escape ', 1),
(386, 25, 'Excursion ', 1),
(387, 25, 'Explorer Sport ', 1),
(388, 25, 'Explorer Sport Trac ', 1),
(389, 25, 'Focus ', 1),
(390, 25, 'Th!nk ', 1),
(391, 25, 'Fiesta ', 1),
(392, 25, 'ZX2 ', 1),
(393, 25, 'E350 ', 1),
(394, 25, 'Escort ZX2 ', 1),
(395, 25, 'Freestar ', 1),
(396, 25, 'Five Hundred ', 1),
(397, 25, 'Freestyle ', 1),
(398, 25, 'GT ', 1),
(399, 25, 'Fusion ', 1),
(400, 25, 'Edge ', 1),
(401, 25, 'Expedition EL ', 1),
(402, 25, 'F450 ', 1),
(403, 25, 'Taurus X ', 1),
(404, 25, 'Flex ', 1),
(405, 25, 'Transit Connect ', 1),
(406, 25, 'Focus ST ', 1),
(407, 25, 'F-250 Super Duty ', 1),
(408, 25, 'E-350 Super Duty ', 1),
(409, 25, 'F-350 Super Duty ', 1),
(410, 25, 'E-350 Super Duty Van ', 1),
(411, 25, 'C-MAX Hybrid ', 1),
(412, 25, 'E-Series ', 1),
(413, 25, 'F-Series ', 1),
(414, 25, 'F-Series Super Duty ', 1),
(415, 26, 'Metro ', 1),
(416, 26, 'Prizm ', 1),
(417, 26, 'Storm ', 1),
(418, 26, 'Tracker ', 1),
(419, 27, '1500 Club Coupe ', 1),
(420, 27, '2500 Club Coupe ', 1),
(421, 27, '3500', 1),
(422, 27, '3500 Club Coupe ', 1),
(423, 27, 'Jimmy ', 1),
(424, 27, 'Rally Wagon 1500 ', 1),
(425, 27, 'Rally Wagon 2500 ', 1),
(426, 27, 'Rally Wagon 3500 ', 1),
(427, 27, 'Sonoma ', 1),
(428, 27, 'Sonoma Club ', 1),
(429, 27, 'Vandura 1500 ', 1),
(430, 27, 'Vandura 2500 ', 1),
(431, 27, 'Vandura 3500 ', 1),
(432, 27, 'Yukon ', 1),
(433, 27, 'Sonoma Club Coupe ', 1),
(434, 27, '1500 Club Coupe ', 1),
(435, 27, 'Rally Wagon G2500 ', 1),
(436, 27, 'Rally Wagon G3500 ', 1),
(437, 27, 'Vandura G1500 ', 1),
(438, 27, 'Vandura G2500 ', 1),
(439, 27, 'Vandura G3500 ', 1),
(440, 27, '1500 Club Coupe ', 1),
(441, 27, '3500 Club Coupe ', 1),
(442, 27, 'Savana 1500 ', 1),
(443, 27, 'Savana 2500 ', 1),
(444, 27, 'Savana 3500 ', 1),
(445, 27, 'Envoy ', 1),
(446, 27, 'EV1 ', 1),
(447, 27, 'Sierra 1500 ', 1),
(448, 27, 'Sierra 2500 ', 1),
(449, 27, 'Sierra 3500 ', 1),
(450, 27, 'Yukon Denali ', 1),
(451, 27, 'Yukon XL 1500 ', 1),
(452, 27, 'Yukon XL 2500 ', 1),
(453, 27, 'Envoy XL ', 1),
(454, 27, 'Canyon ', 1),
(455, 27, 'Envoy XUV ', 1),
(456, 27, 'Savana ', 1),
(457, 27, 'Savana Cargo Van ', 1),
(458, 27, 'Sierra 2500HD ', 1),
(459, 27, 'Sierra 3500HD ', 1),
(460, 27, 'Sierra Denali ', 1),
(461, 27, 'Sierra Hybrid ', 1),
(462, 27, 'Yukon XL ', 1),
(463, 27, 'Acadia ', 1),
(464, 27, 'Sierra ', 1),
(465, 27, 'Terrain ', 1),
(466, 28, 'Minx Magnificent ', 1),
(467, 29, 'VS Commodore ', 1),
(468, 29, 'Monaro ', 1),
(469, 30, 'Civic ', 1),
(470, 30, 'Accord ', 1),
(471, 30, 'Prelude ', 1),
(472, 30, 'del Sol ', 1),
(473, 30, 'Passport ', 1),
(474, 30, 'Odyssey ', 1),
(475, 30, 'Insight ', 1),
(476, 30, 'S2000 ', 1),
(477, 30, 'Pilot ', 1),
(478, 30, 'Civic GX ', 1),
(479, 30, 'Civic Si ', 1),
(480, 30, 'Element ', 1),
(481, 30, 'Ridgeline ', 1),
(482, 30, 'Fit ', 1),
(483, 30, 'Accord Crosstour ', 1),
(484, 30, 'Crosstour ', 1),
(485, 30, 'FCX Clarity ', 1),
(486, 30, 'CR-V ', 1),
(487, 30, 'CR-X ', 1),
(488, 30, 'CR-Z ', 1),
(489, 31, 'H1 ', 1),
(490, 31, 'H2 ', 1),
(491, 31, 'H2 SUT ', 1),
(492, 31, 'H2 SUV ', 1),
(493, 31, 'H3 ', 1),
(494, 31, 'H3T ', 1),
(495, 32, 'HED-5', 1),
(496, 32, 'Elantra ', 1),
(497, 32, 'Scoupe ', 1),
(498, 32, 'Sonata ', 1),
(499, 32, 'Accent ', 1),
(500, 32, 'Tiburon ', 1),
(501, 32, 'Santa Fe ', 1),
(502, 32, 'XG300 ', 1),
(503, 32, 'XG350 ', 1),
(504, 32, 'Tucson ', 1),
(505, 32, 'Azera ', 1),
(506, 32, 'Entourage ', 1),
(507, 32, 'Veracruz ', 1),
(508, 32, 'Genesis ', 1),
(509, 32, 'Genesis Coupe ', 1),
(510, 32, 'Equus ', 1),
(511, 32, 'Veloster ', 1),
(512, 33, 'G ', 1),
(513, 33, 'M ', 1),
(514, 33, 'Q ', 1),
(515, 33, 'J ', 1),
(516, 33, 'I ', 1),
(517, 33, 'QX ', 1),
(518, 33, 'FX ', 1),
(519, 33, 'G35 ', 1),
(520, 33, 'QX56 ', 1),
(521, 33, 'EX ', 1),
(522, 33, 'G37 ', 1),
(523, 33, 'G25 ', 1),
(524, 33, 'IPL G ', 1),
(525, 33, 'JX ', 1),
(526, 34, 'i-280', 1),
(527, 34, 'i-290', 1),
(528, 34, 'i-350', 1),
(529, 34, 'i-370', 1),
(530, 34, 'Amigo ', 1),
(531, 34, 'Impulse ', 1),
(532, 34, 'Rodeo ', 1),
(533, 34, 'Stylus ', 1),
(534, 34, 'Trooper ', 1),
(535, 34, 'Hombre ', 1),
(536, 34, 'Oasis ', 1),
(537, 34, 'Hombre Space ', 1),
(538, 34, 'VehiCROSS ', 1),
(539, 34, 'Rodeo Sport ', 1),
(540, 34, 'Axiom ', 1),
(541, 34, 'Ascender ', 1),
(542, 34, 'i-Series ', 1),
(543, 35, 'XJ Series ', 1),
(544, 35, 'XK Series ', 1),
(545, 35, 'XJ ', 1),
(546, 35, 'XK ', 1),
(547, 35, 'XF ', 1),
(548, 35, 'S-Type ', 1),
(549, 35, 'X-Type ', 1),
(550, 36, 'Cherokee ', 1),
(551, 36, 'Comanche ', 1),
(552, 36, 'Wrangler ', 1),
(553, 36, 'Grand Cherokee ', 1),
(554, 36, 'Liberty ', 1),
(555, 36, 'Commander ', 1),
(556, 36, 'Compass ', 1),
(557, 36, 'Patriot ', 1),
(558, 37, 'Interceptor ', 1),
(559, 38, 'Sephia ', 1),
(560, 38, 'Sportage ', 1),
(561, 38, 'Mentor ', 1),
(562, 38, 'Spectra ', 1),
(563, 38, 'Optima ', 1),
(564, 38, 'Sedona ', 1),
(565, 38, 'Sorento ', 1),
(566, 38, 'Amanti ', 1),
(567, 38, 'Spectra5 ', 1),
(568, 38, 'Carens ', 1),
(569, 38, 'Rondo ', 1),
(570, 38, 'Rio5 ', 1),
(571, 38, 'Borrego ', 1),
(572, 38, 'Mohave/Borrego ', 1),
(573, 38, 'Forte ', 1),
(574, 38, 'Soul ', 1),
(575, 39, 'Countach ', 1),
(576, 39, 'Diablo ', 1),
(577, 39, 'Murcielago ', 1),
(578, 39, 'Gallardo ', 1),
(579, 39, 'Murcielago LP640 ', 1),
(580, 39, 'Reventon ', 1),
(581, 39, 'Aventador ', 1),
(582, 40, 'Range Rover ', 1),
(583, 40, 'Sterling ', 1),
(584, 40, 'Defender ', 1),
(585, 40, 'Defender 110 ', 1),
(586, 40, 'Range Rover Classic ', 1),
(587, 40, 'Defender 90 ', 1),
(588, 40, 'Discovery ', 1),
(589, 40, 'Discovery Series II ', 1),
(590, 40, 'Freelander ', 1),
(591, 40, 'LR3 ', 1),
(592, 40, 'Range Rover Sport ', 1),
(593, 40, 'LR2 ', 1),
(594, 40, 'Defender Ice Edition ', 1),
(595, 40, 'LR4 ', 1),
(596, 40, 'Range Rover Evoque ', 1),
(597, 41, 'ES ', 1),
(598, 41, 'LS ', 1),
(599, 41, 'SC ', 1),
(600, 41, 'GS ', 1),
(601, 41, 'LX ', 1),
(602, 41, 'RX ', 1),
(603, 41, 'IS ', 1),
(604, 41, 'GX ', 1),
(605, 41, 'RX Hybrid ', 1),
(606, 41, 'IS F ', 1),
(607, 41, 'HS ', 1),
(608, 41, 'LS Hybrid ', 1),
(609, 41, 'CT ', 1),
(610, 41, 'LFA ', 1),
(611, 41, 'IS-F ', 1),
(612, 42, 'Continental ', 1),
(613, 42, 'Mark VII ', 1),
(614, 42, 'Town Car ', 1),
(615, 42, 'Continental Mark VII ', 1),
(616, 42, 'Mark VIII ', 1),
(617, 42, 'Navigator ', 1),
(618, 42, 'Blackwood ', 1),
(619, 42, 'Aviator ', 1),
(620, 42, 'Mark LT ', 1),
(621, 42, 'Zephyr ', 1),
(622, 42, 'MKX ', 1),
(623, 42, 'MKZ ', 1),
(624, 42, 'Navigator L ', 1),
(625, 42, 'MKS ', 1),
(626, 42, 'MKT ', 1),
(627, 43, 'Esprit Turbo ', 1),
(628, 43, 'Esprit ', 1),
(629, 43, 'Elan ', 1),
(630, 43, 'Elise ', 1),
(631, 43, 'Exige ', 1),
(632, 43, 'Evora ', 1),
(633, 44, 'Biturbo ', 1),
(634, 44, 'Quattroporte ', 1),
(635, 44, '228', 1),
(636, 44, '430', 1),
(637, 44, 'Karif ', 1),
(638, 44, 'Spyder ', 1),
(639, 44, 'Coupe ', 1),
(640, 44, 'Gran Sport ', 1),
(641, 44, 'GranSport ', 1),
(642, 44, 'GranTurismo ', 1),
(643, 45, '57', 1),
(644, 45, '62', 1),
(645, 45, '57', 1),
(646, 45, '57S ', 1),
(647, 45, '57', 1),
(648, 45, '62', 1),
(649, 45, 'Landaulet ', 1),
(650, 46, 'MX-3', 1),
(651, 46, 'CX-5', 1),
(652, 46, 'Miata MX-5', 1),
(653, 46, 'MX-5', 1),
(654, 46, 'MX-6', 1),
(655, 46, 'CX-7', 1),
(656, 46, 'RX-7', 1),
(657, 46, 'RX-8', 1),
(658, 46, 'CX-9', 1),
(659, 46, '626', 1),
(660, 46, 'GLC ', 1),
(661, 46, 'B2000 ', 1),
(662, 46, 'Familia ', 1),
(663, 46, '929', 1),
(664, 46, 'B2600 ', 1),
(665, 46, '626', 1),
(666, 46, '929', 1),
(667, 46, 'MPV ', 1),
(668, 46, '929', 1),
(669, 46, 'Navajo ', 1),
(670, 46, '323', 1),
(671, 46, '626', 1),
(672, 46, 'Protege ', 1),
(673, 46, '929', 1),
(674, 46, '626', 1),
(675, 46, 'Millenia ', 1),
(676, 46, '626', 1),
(677, 46, '626', 1),
(678, 46, 'B2500 ', 1),
(679, 46, 'Tribute ', 1),
(680, 46, 'Protege5 ', 1),
(681, 46, 'Mazda6 ', 1),
(682, 46, 'Mazda3 ', 1),
(683, 46, 'Mazda5 ', 1),
(684, 46, 'Mazda6 Sport ', 1),
(685, 46, 'Mazdaspeed6 ', 1),
(686, 46, 'Mazdaspeed 3 ', 1),
(687, 46, 'Mazda2 ', 1),
(688, 46, 'Mazda6 5-Door ', 1),
(689, 46, 'B-Series ', 1),
(690, 46, 'B-Series Plus ', 1),
(691, 47, 'MP4-12C ', 1),
(692, 48, 'W123 ', 1),
(693, 48, 'W126 ', 1),
(694, 48, 'W201 ', 1),
(695, 48, '190E ', 1),
(696, 48, '300CE ', 1),
(697, 48, '300D ', 1),
(698, 48, '300E ', 1),
(699, 48, '300SD ', 1),
(700, 48, '300SE ', 1),
(701, 48, '300SL ', 1),
(702, 48, '300TE ', 1),
(703, 48, '400E ', 1),
(704, 48, '400SE ', 1),
(705, 48, '500E ', 1),
(706, 48, '500SEL ', 1),
(707, 48, '500SL ', 1),
(708, 48, '600SEL ', 1),
(709, 48, '190E ', 1),
(710, 48, '300SE ', 1),
(711, 48, '300SL ', 1),
(712, 48, '300TE ', 1),
(713, 48, '400SEL ', 1),
(714, 48, '500SEC ', 1),
(715, 48, '600SEC ', 1),
(716, 48, '600SL ', 1),
(717, 48, 'SLR McLaren ', 1),
(718, 48, 'G55 AMG ', 1),
(719, 48, 'SL65 AMG ', 1),
(720, 48, 'CL65 AMG ', 1),
(721, 48, 'SLK55 AMG ', 1),
(722, 48, 'SLS AMG ', 1),
(723, 48, 'Sprinter 2500 ', 1),
(724, 48, 'Sprinter 3500 ', 1),
(725, 48, 'C-Class ', 1),
(726, 48, 'CL-Class ', 1),
(727, 48, 'CLK-Class ', 1),
(728, 48, 'CLS-Class ', 1),
(729, 48, 'E-Class ', 1),
(730, 48, 'G-Class ', 1),
(731, 48, 'GL-Class ', 1),
(732, 48, 'GLK-Class ', 1),
(733, 48, 'M-Class ', 1),
(734, 48, 'R-Class ', 1),
(735, 48, 'S-Class ', 1),
(736, 48, 'SL-Class ', 1),
(737, 48, 'SLK-Class ', 1),
(738, 48, 'SLS-Class ', 1),
(739, 49, 'Cougar ', 1),
(740, 49, 'Capri ', 1),
(741, 49, 'Grand Marquis ', 1),
(742, 49, 'Lynx ', 1),
(743, 49, 'Marquis ', 1),
(744, 49, 'Topaz ', 1),
(745, 49, 'Sable ', 1),
(746, 49, 'Tracer ', 1),
(747, 49, 'Villager ', 1),
(748, 49, 'Mystique ', 1),
(749, 49, 'Mountaineer ', 1),
(750, 49, 'Marauder ', 1),
(751, 49, 'Monterey ', 1),
(752, 49, 'Mariner ', 1),
(753, 49, 'Montego ', 1),
(754, 49, 'Milan ', 1),
(755, 50, 'XR4Ti ', 1),
(756, 51, 'MGB ', 1),
(757, 52, 'Cooper ', 1),
(758, 52, 'Clubman ', 1),
(759, 52, 'Cooper Clubman ', 1),
(760, 52, 'Cooper Countryman ', 1),
(761, 52, 'Countryman ', 1),
(762, 53, 'Cordia ', 1),
(763, 53, 'Galant ', 1),
(764, 53, 'Mirage ', 1),
(765, 53, 'Pajero ', 1),
(766, 53, 'Space ', 1),
(767, 53, 'Starion ', 1),
(768, 53, 'Tredia ', 1),
(769, 53, 'Chariot ', 1),
(770, 53, 'Truck ', 1),
(771, 53, 'Mighty Max ', 1),
(772, 53, 'Precis ', 1),
(773, 53, 'Excel ', 1),
(774, 53, 'L300 ', 1),
(775, 53, 'Eclipse ', 1),
(776, 53, 'Sigma ', 1),
(777, 53, '3000GT ', 1),
(778, 53, 'Diamante ', 1),
(779, 53, 'Expo ', 1),
(780, 53, 'Mighty Max Macro ', 1),
(781, 53, 'Montero ', 1),
(782, 53, 'RVR ', 1),
(783, 53, 'Expo LRV ', 1),
(784, 53, 'Challenger ', 1),
(785, 53, 'Montero Sport ', 1),
(786, 53, 'Lancer ', 1),
(787, 53, 'Lancer Evolution ', 1),
(788, 53, 'Outlander ', 1),
(789, 53, 'Endeavor ', 1),
(790, 53, 'Raider ', 1),
(791, 53, 'Outlander Sport ', 1),
(792, 53, 'i-MiEV ', 1),
(793, 54, 'Aero 8 ', 1),
(794, 55, '280ZX ', 1),
(795, 55, 'Maxima ', 1),
(796, 55, '300ZX ', 1),
(797, 55, 'Sentra ', 1),
(798, 55, '240SX ', 1),
(799, 55, '300ZX ', 1),
(800, 55, 'NX ', 1),
(801, 55, 'Pathfinder ', 1),
(802, 55, 'Stanza ', 1),
(803, 55, 'Altima ', 1),
(804, 55, 'Quest ', 1),
(805, 55, '200SX ', 1),
(806, 55, 'Frontier ', 1),
(807, 55, 'Xterra ', 1),
(808, 55, '350Z ', 1),
(809, 55, 'Murano ', 1),
(810, 55, '350Z ', 1),
(811, 55, 'Pathfinder Armada ', 1),
(812, 55, 'Titan ', 1),
(813, 55, 'Armada ', 1),
(814, 55, '350Z ', 1),
(815, 55, '350Z Roadster ', 1),
(816, 55, 'Versa ', 1),
(817, 55, 'b13 ', 1),
(818, 55, 'Rogue ', 1),
(819, 55, '370Z ', 1),
(820, 55, 'Cube ', 1),
(821, 55, '370Z ', 1),
(822, 55, 'JUKE ', 1),
(823, 55, 'Leaf ', 1),
(824, 55, 'NV1500 ', 1),
(825, 55, 'NV2500 ', 1),
(826, 55, 'NV3500 ', 1),
(827, 55, 'Datsun/Nissan Z-car ', 1),
(828, 55, 'GT-R ', 1),
(829, 56, 'Toronado ', 1),
(830, 56, '88', 1),
(831, 56, '98', 1),
(832, 56, 'Achieva ', 1),
(833, 56, 'Bravada ', 1),
(834, 56, 'Ciera ', 1),
(835, 56, 'Custom Cruiser ', 1),
(836, 56, 'Cutlass Supreme ', 1),
(837, 56, 'Silhouette ', 1),
(838, 56, '88', 1),
(839, 56, 'Cutlass Cruiser ', 1),
(840, 56, 'Aurora ', 1),
(841, 56, '88', 1),
(842, 56, '98', 1),
(843, 56, 'Cutlass ', 1),
(844, 56, 'LSS ', 1),
(845, 56, 'Regency ', 1),
(846, 56, '88', 1),
(847, 56, 'Intrigue ', 1),
(848, 56, 'Alero ', 1),
(849, 57, 'Esperante ', 1),
(850, 58, '207', 1),
(851, 59, 'Fury ', 1),
(852, 59, 'Roadrunner ', 1),
(853, 59, 'Volare ', 1),
(854, 59, 'Horizon ', 1),
(855, 59, 'Reliant ', 1),
(856, 59, 'Voyager ', 1),
(857, 59, 'Acclaim ', 1),
(858, 59, 'Colt Vista ', 1),
(859, 59, 'Grand Voyager ', 1),
(860, 59, 'Sundance ', 1),
(861, 59, 'Breeze ', 1),
(862, 59, 'Prowler ', 1),
(863, 60, 'Tempest ', 1),
(864, 60, 'Grand Prix ', 1),
(865, 60, 'Bonneville ', 1),
(866, 60, 'GTO ', 1),
(867, 60, 'LeMans ', 1),
(868, 60, 'Firebird ', 1),
(869, 60, '6000', 1),
(870, 60, 'Sunbird ', 1),
(871, 60, '1000', 1),
(872, 60, 'Fiero ', 1),
(873, 60, 'Firefly ', 1),
(874, 60, 'Parisienne ', 1),
(875, 60, 'Grand Am ', 1),
(876, 60, 'Firebird Trans Am ', 1),
(877, 60, 'Gemini ', 1),
(878, 60, 'Safari ', 1),
(879, 60, 'Chevette ', 1),
(880, 60, 'Turbo Firefly ', 1),
(881, 60, '6000', 1),
(882, 60, 'Grand Prix Turbo ', 1),
(883, 60, 'Trans Sport ', 1),
(884, 60, 'Firebird Formula ', 1),
(885, 60, 'Sunfire ', 1),
(886, 60, 'Montana ', 1),
(887, 60, 'Aztek ', 1),
(888, 60, 'Vibe ', 1),
(889, 60, 'Daewoo Kalos ', 1),
(890, 60, 'G6 ', 1),
(891, 60, 'Montana SV6 ', 1),
(892, 60, 'Solstice ', 1),
(893, 60, 'Torrent ', 1),
(894, 60, 'G5 ', 1),
(895, 60, 'G8 ', 1),
(896, 60, 'G3 ', 1),
(897, 61, '914', 1),
(898, 61, '944', 1),
(899, 61, '911', 1),
(900, 61, '928', 1),
(901, 61, '944', 1),
(902, 61, '924 S ', 1),
(903, 61, '924', 1),
(904, 61, '911', 1),
(905, 61, '928', 1),
(906, 61, '944', 1),
(907, 61, '928', 1),
(908, 61, '968', 1),
(909, 61, '911', 1),
(910, 61, '928', 1),
(911, 61, '928', 1),
(912, 61, 'Boxster ', 1),
(913, 61, 'Cayenne ', 1),
(914, 61, 'Carrera GT ', 1),
(915, 61, 'Cayman ', 1),
(916, 61, '911', 1),
(917, 61, '911', 1),
(918, 61, 'Panamera ', 1),
(919, 62, '1500', 1),
(920, 62, 'C/V ', 1),
(921, 63, 'Classic ', 1),
(922, 64, 'Alliance ', 1),
(923, 65, 'Phantom ', 1),
(924, 65, 'Ghost ', 1),
(925, 66, '900', 1),
(926, 66, '9000', 1),
(927, 66, '900', 1),
(928, 66, '9000', 1),
(929, 66, '900', 1),
(930, 66, '43346', 1),
(931, 66, '43348', 1),
(932, 66, '43346', 1),
(933, 66, '43348', 1),
(934, 66, '43346', 1),
(935, 66, '43348', 1),
(936, 66, '43346', 1),
(937, 66, '9-2X ', 1),
(938, 66, '9-4X ', 1),
(939, 66, '9-7X ', 1),
(940, 67, 'VUE ', 1),
(941, 67, 'Ion ', 1),
(942, 67, 'Relay ', 1),
(943, 67, 'Aura ', 1),
(944, 67, 'Outlook ', 1),
(945, 67, 'Sky ', 1),
(946, 67, 'Astra ', 1),
(947, 67, 'L-Series ', 1),
(948, 67, 'S-Series ', 1),
(949, 68, 'xA ', 1),
(950, 68, 'xB ', 1),
(951, 68, 'tC ', 1),
(952, 68, 'xD ', 1),
(953, 68, 'iQ ', 1),
(954, 68, 'FR-S ', 1),
(955, 69, 'GT500 ', 1),
(956, 69, 'GT350 ', 1),
(957, 70, 'Fortwo ', 1),
(958, 71, 'C8 Laviolette ', 1),
(959, 71, 'C8 Spyder ', 1),
(960, 71, 'C8 Spyder Wide Body ', 1),
(961, 71, 'C8 Double 12 S ', 1),
(962, 72, 'C8 ', 1),
(963, 73, 'Avanti ', 1),
(964, 74, 'Brat ', 1),
(965, 74, 'Leone ', 1),
(966, 74, 'XT ', 1),
(967, 74, 'Justy ', 1),
(968, 74, 'Legacy ', 1),
(969, 74, 'Loyale ', 1),
(970, 74, 'Alcyone SVX ', 1),
(971, 74, 'SVX ', 1),
(972, 74, 'Impreza ', 1),
(973, 74, 'Forester ', 1),
(974, 74, 'Outback ', 1),
(975, 74, 'Outback Sport ', 1),
(976, 74, 'Baja ', 1),
(977, 74, 'B9 Tribeca ', 1),
(978, 74, 'Tribeca ', 1),
(979, 74, 'Impreza WRX ', 1),
(980, 74, 'BRZ ', 1),
(981, 75, 'XL-7', 1),
(982, 75, 'X-90', 1),
(983, 75, 'SJ 410 ', 1),
(984, 75, 'Cultus ', 1),
(985, 75, 'SJ ', 1),
(986, 75, 'Swift ', 1),
(987, 75, 'Sidekick ', 1),
(988, 75, 'Samurai ', 1),
(989, 75, 'Esteem ', 1),
(990, 75, 'Grand Vitara ', 1),
(991, 75, 'Vitara ', 1),
(992, 75, 'Aerio ', 1),
(993, 75, 'Daewoo Lacetti ', 1),
(994, 75, 'Daewoo Magnus ', 1),
(995, 75, 'Forenza ', 1),
(996, 75, 'Verona ', 1),
(997, 75, 'Reno ', 1),
(998, 75, 'XL7 ', 1),
(999, 75, 'SX4 ', 1),
(1000, 75, 'Equator ', 1),
(1001, 75, 'Kizashi ', 1),
(1002, 76, 'Roadster ', 1),
(1003, 76, 'Model S ', 1),
(1004, 77, 'Celica ', 1),
(1005, 77, 'MR2 ', 1),
(1006, 77, 'Truck Xtracab SR5 ', 1),
(1007, 77, 'Previa ', 1),
(1008, 77, '4Runner ', 1),
(1009, 77, 'Camry ', 1),
(1010, 77, 'Corolla ', 1),
(1011, 77, 'Cressida ', 1),
(1012, 77, 'Land Cruiser ', 1),
(1013, 77, 'Paseo ', 1),
(1014, 77, 'Supra ', 1),
(1015, 77, 'Tercel ', 1),
(1016, 77, 'Xtra ', 1),
(1017, 77, 'T100 ', 1),
(1018, 77, 'Avalon ', 1),
(1019, 77, 'T100 Xtra ', 1),
(1020, 77, 'Tacoma ', 1),
(1021, 77, 'Tacoma Xtra ', 1),
(1022, 77, 'RAV4 ', 1),
(1023, 77, '4Runner ', 1),
(1024, 77, 'Sienna ', 1),
(1025, 77, 'Solara ', 1),
(1026, 77, 'Echo ', 1),
(1027, 77, 'Ipsum ', 1),
(1028, 77, 'Tundra ', 1),
(1029, 77, 'Highlander ', 1),
(1030, 77, 'Prius ', 1),
(1031, 77, 'Sequoia ', 1),
(1032, 77, 'Matrix ', 1),
(1033, 77, 'Camry Solara ', 1),
(1034, 77, 'Yaris ', 1),
(1035, 77, 'Camry Hybrid ', 1),
(1036, 77, 'FJ Cruiser ', 1),
(1037, 77, 'Highlander Hybrid ', 1),
(1038, 77, 'TundraMax ', 1),
(1039, 77, '4Runner ', 1),
(1040, 77, 'Venza ', 1),
(1041, 77, 'Prius c ', 1),
(1042, 77, 'Prius v ', 1),
(1043, 77, 'Prius Plug-in ', 1),
(1044, 77, 'Prius Plug-in Hybrid ', 1),
(1045, 78, 'Beetle ', 1),
(1046, 78, 'Golf ', 1),
(1047, 78, 'Jetta ', 1),
(1048, 78, 'Quantum ', 1),
(1049, 78, 'Scirocco ', 1),
(1050, 78, 'Vanagon ', 1),
(1051, 78, 'Cabriolet ', 1),
(1052, 78, 'GTI ', 1),
(1053, 78, 'Passat ', 1),
(1054, 78, 'Type 2 ', 1),
(1055, 78, 'Fox ', 1),
(1056, 78, 'Corrado ', 1),
(1057, 78, 'Eurovan ', 1),
(1058, 78, 'riolet ', 1),
(1059, 78, 'Golf III ', 1),
(1060, 78, 'Jetta III ', 1),
(1061, 78, 'rio ', 1),
(1062, 78, 'New Beetle ', 1),
(1063, 78, 'Touareg ', 1),
(1064, 78, 'Phaeton ', 1),
(1065, 78, 'R32 ', 1),
(1066, 78, 'Rabbit ', 1),
(1067, 78, 'Eos ', 1),
(1068, 78, 'GLI ', 1),
(1069, 78, 'Touareg 2 ', 1),
(1070, 78, 'CC ', 1),
(1071, 78, 'Routan ', 1),
(1072, 78, 'Tiguan ', 1),
(1073, 79, '240', 1),
(1074, 79, '740', 1),
(1075, 79, '940', 1),
(1076, 79, '960', 1),
(1077, 79, '850', 1),
(1078, 79, '940', 1),
(1079, 79, 'S90 ', 1),
(1080, 79, 'V90 ', 1),
(1081, 79, 'C70 ', 1),
(1082, 79, 'S70 ', 1),
(1083, 79, 'V70 ', 1),
(1084, 79, 'S80 ', 1),
(1085, 79, 'S40 ', 1),
(1086, 79, 'V40 ', 1),
(1087, 79, 'S60 ', 1),
(1088, 79, 'XC70 ', 1),
(1089, 79, 'XC90 ', 1),
(1090, 79, 'V50 ', 1),
(1091, 79, 'C30 ', 1),
(1092, 79, 'XC60 ', 1),
(1093, 80, 'TOLEDO 2.0', 1),
(1094, 80, 'CORDOBA', 1),
(1095, 32, 'EON', 1),
(1096, 53, 'NATIVA', 1),
(1097, 49, 'MARINER PREMI', 1),
(1098, 55, 'PATROL', 1),
(1099, 12, 'SPARK GT', 1),
(1100, 81, 'REXTON RX290', 1),
(1101, 30, 'CRV LX', 1),
(1102, 12, 'SPARK LS', 1),
(1103, 68, 'IA', 1),
(1104, 8, '325 I', 1),
(1105, 53, 'L 200', 1),
(1106, 53, 'LANCER GLX', 1),
(1107, 77, 'HIACE', 1),
(1108, 25, 'EcoSport kls', 1),
(1109, 55, 'MURANO SL', 1),
(1110, 12, 'CAPTIVA', 1),
(1111, 8, '318 I5', 1),
(1112, 25, 'ESCAPE XLT', 1),
(1113, 55, 'ALMERA', 1),
(1114, 77, 'COROLLA XLI', 1),
(1115, 77, 'COROLLA LE', 1),
(1116, 32, 'ACCENT LC', 1),
(1117, 12, 'K2500', 1),
(1118, 55, 'SENTRA SV', 1),
(1119, 8, 'X1', 1),
(1120, 8, '328i', 1),
(1121, 12, 'k2500 SUBURBA', 1),
(1122, 46, '323 GLX', 1),
(1123, 33, 'QX80', 1),
(1124, 8, '320 I', 1),
(1125, 25, 'TRANSIT ', 1),
(1126, 12, 'N300', 1),
(1127, 77, 'COROLLA CE', 1),
(1128, 12, 'OPTRA', 1),
(1129, 34, 'N/D', 1),
(1130, 34, 'KB', 1),
(1131, 30, 'CIVIC LX', 1),
(1132, 38, 'RIO', 1),
(1133, 48, 'MB 100D', 1),
(1134, 55, 'PATROL GRX', 1),
(1135, 77, 'COROLLA S', 1),
(1136, 25, 'ECONOLINE', 1),
(1137, 25, 'EXPLORER XLT', 1),
(1138, 36, 'LIBERTY SPORT', 1),
(1139, 17, 'FEROZA', 1),
(1140, 46, '323 L', 1),
(1141, 48, '200 E', 1),
(1142, 25, 'SUPER DUTY', 1),
(1143, 25, 'ESCAPE XLS', 1),
(1144, 77, 'LC PRADO', 1),
(1145, 82, 'CAR', 1),
(1146, 46, '3', 1),
(1147, 32, 'GALLOOPER', 1),
(1148, 32, 'TQ GL', 1),
(1149, 12, 'CMP', 1),
(1150, 36, 'LATTITUDE', 1),
(1151, 25, 'ECOSPORT XLS', 1),
(1152, 32, 'I10 GLS', 1),
(1153, 83, 'SPRINTER', 1),
(1154, 38, 'RIO LX', 1),
(1155, 34, 'NKR', 1),
(1156, 8, '530 XI', 1),
(1157, 78, 'SAVEIRO', 1),
(1158, 48, 'C280', 1),
(1159, 38, 'PICANTO', 1),
(1160, 78, 'AMAROK', 1),
(1161, 75, 'CELERIO GLX', 1),
(1162, 32, 'H1 GL', 1),
(1163, 46, '3 V', 1),
(1164, 46, '3 S', 1),
(1165, 38, 'K3000S', 1),
(1166, 46, 'BT 50', 1),
(1167, 78, 'N/D', 1),
(1168, 17, 'TERIOS', 1),
(1169, 78, 'GOL POWER', 1),
(1170, 78, 'JETTA SE', 1),
(1171, 48, 'SPRINTER 313', 1),
(1172, 34, 'D MAX', 1),
(1173, 38, 'K2700', 1),
(1174, 46, 'CX-3 4*4', 1),
(1175, 55, 'N/D', 1),
(1176, 32, 'H 100', 1),
(1177, 12, '1BK85L', 1),
(1178, 46, 'B2900', 1),
(1179, 55, 'CIVILIAN DX', 1),
(1180, 48, 'ML 350', 1),
(1181, 12, 'SUBURBAN LTZ', 1),
(1182, 78, 'JETTA A6', 1),
(1183, 25, 'FOCUS SE', 1),
(1184, 84, 'VARICA', 1),
(1185, 53, 'OUTLANDER ASX', 1),
(1186, 55, 'VERSA NOTE', 1),
(1187, 36, 'CHEROKEE LATTITUD', 1),
(1188, 85, 'NIVA 2121', 1),
(1189, 78, 'POLO 1.0', 1),
(1190, 38, 'RIO EX', 1),
(1191, 25, 'F550XL', 1),
(1192, 48, 'C300', 1),
(1193, 12, 'TRAX', 1),
(1194, 77, 'FORTUNER', 1),
(1195, 58, '206 XR', 1),
(1196, 55, 'NP 300', 1),
(1197, 77, 'HILUX', 1),
(1198, 25, 'EXPEDITION XL', 1),
(1199, 17, 'MATERIA', 1),
(1200, 41, 'RX 350', 1),
(1201, 38, 'RIO GDI', 1),
(1202, 41, 'GX470', 1),
(1203, 30, 'HR-V', 1),
(1204, 8, '128 I', 1),
(1205, 32, 'I 20 ACTIVE', 1),
(1206, 48, 'E320', 1);


CREATE TABLE vehiculos(
id_vehiculo INT UNSIGNED NOT NULL AUTO_INCREMENT,
id_cliente INT UNSIGNED NOT NULL,
id_marca INT UNSIGNED NOT NULL,
id_modelo INT UNSIGNED NOT NULL,
placa VARCHAR(50) NOT NULL,
tipo_vehiculo VARCHAR(10) NOT NULL,
color_vehiculo VARCHAR(10) NOT NULL,
anio_vehiculo VARCHAR(10) NOT NULL,
vin_vehiculo VARCHAR(20) NOT NULL,
numero_motor_vehiculo VARCHAR(20) NOT NULL,
observaciones_vehiculo VARCHAR(200) NOT NULL,
fechaIngreso_vehiculo DATETIME DEFAULT CURRENT_TIMESTAMP,
fechaModificacion_vehiculo DATETIME ON UPDATE CURRENT_TIMESTAMP,
estado VARCHAR(10) NOT NULL,
PRIMARY KEY(id_vehiculo),
CONSTRAINT FK_MARC_ID FOREIGN KEY(id_marca) REFERENCES marca_aut(id_marca) ON UPDATE CASCADE,
CONSTRAINT FK_MOD_ID FOREIGN KEY(id_modelo) REFERENCES modelo_aut(id_modelo) ON UPDATE CASCADE,
CONSTRAINT FK_CLI_ID FOREIGN KEY(id_cliente) REFERENCES clientes(id_cliente) ON UPDATE CASCADE
);


CREATE TABLE estado_del_vehiculo(
id_estado_del_vehiculo INT UNSIGNED NOT NULL AUTO_INCREMENT,
ingresado VARCHAR(10) NOT NULL,
id_vehiculo INT UNSIGNED NOT NULL,
aceptado_por_el_cliente VARCHAR(10) NOT NULL,
Espera_de_repuesto VARCHAR(10) NOT NULL,
estado_de_reparacion VARCHAR(10) NOT NULL,
finalizacion_de_taller VARCHAR(10) NOT NULL,
fuera_de_taller VARCHAR(10) NOT NULL,
estado VARCHAR(10) NOT NULL,
PRIMARY KEY(id_estado_del_vehiculo),
CONSTRAINT FK_VEH_ID FOREIGN KEY(id_vehiculo) REFERENCES vehiculos(id_vehiculo) ON UPDATE CASCADE
);

CREATE TABLE cotizacion(
id_cotizacion INT UNSIGNED NOT NULL AUTO_INCREMENT,
id_servicio INT UNSIGNED NOT NULL, 
cantidad_se VARCHAR(10) NOT NULL,
precio_se VARCHAR(10) NOT NULL,
id_articulo INT UNSIGNED NOT NULL, 
cantidad_ar VARCHAR(10) NOT NULL,
precio_ar VARCHAR(10) NOT NULL,
fechaIngreso_cotizacion DATETIME DEFAULT CURRENT_TIMESTAMP,
fechaModificacion_cotizacion DATETIME ON UPDATE CURRENT_TIMESTAMP,
estado VARCHAR(10) NOT NULL,
PRIMARY KEY(id_cotizacion),
CONSTRAINT FK_SER_COT FOREIGN KEY(id_servicio) REFERENCES servicios(id_servicio) ON UPDATE CASCADE,
CONSTRAINT FK_ART_COT FOREIGN KEY(id_articulo) REFERENCES articulos(id_articulo) ON UPDATE CASCADE
);

CREATE TABLE orden_trabajo(
id_orden_trabajo INT UNSIGNED NOT NULL AUTO_INCREMENT,
lista_de_verificacion VARCHAR(10) NOT NULL,
falla_del_vehiculo VARCHAR(10) NOT NULL,
fechaIngreso_orden_trabajo DATETIME DEFAULT CURRENT_TIMESTAMP,
fechaModificacion_orden_trabajo DATETIME ON UPDATE CURRENT_TIMESTAMP,
id_cliente INT UNSIGNED NOT NULL,
id_estado_del_vehiculo INT UNSIGNED NOT NULL,
id_cotizacion INT UNSIGNED NOT NULL,
id_servicio INT UNSIGNED NOT NULL, 
PRIMARY KEY(id_orden_trabajo),
CONSTRAINT FK_CLIE_OR FOREIGN KEY(id_cliente) REFERENCES clientes(id_cliente)ON UPDATE CASCADE,
CONSTRAINT FK_ESTA_OR FOREIGN KEY(id_estado_del_vehiculo) REFERENCES estado_del_vehiculo(id_estado_del_vehiculo)ON UPDATE CASCADE,
CONSTRAINT FK_COTI_OR FOREIGN KEY(id_cotizacion) REFERENCES cotizacion(id_cotizacion)ON UPDATE CASCADE,
CONSTRAINT FK_SER_OR FOREIGN KEY(id_servicio) REFERENCES servicios(id_servicio)ON UPDATE CASCADE
);